timeStamp,elapsed,label,responseCode,responseMessage,threadName,dataType,success,bytes,grpThreads,allThreads,Latency,SampleCount,ErrorCount,IdleTime
1390557868982,7,TEACHER ID : 100060,200,OK,1.     INSTRUCTOR-REGISTRATION 1-1,text,true,1472,1,1,0,1,0,0
1390557869001,0,INSTRUCTOR = 100060,200,OK,1.     INSTRUCTOR-REGISTRATION 1-1,text,true,1472,1,1,0,1,0,0
1390557871994,0,TEACHER ID : 100061,200,OK,1.     INSTRUCTOR-REGISTRATION 1-2,text,true,1471,2,2,0,1,0,0
1390557871996,1,INSTRUCTOR = 100061,200,OK,1.     INSTRUCTOR-REGISTRATION 1-2,text,true,1472,2,2,0,1,0,0
1390557869012,2131,S01_INSTRUCTORREGISTRATIONCLASSCREATION_T01_HOME,200,"Number of samples in transaction : 3, number of failing samples : 0",1.     INSTRUCTOR-REGISTRATION 1-1,,true,25736,2,2,0,1,0,1644
1390557872788,1261,S01_INSTRUCTORREGISTRATIONCLASSCREATION_T02_ACCESSCODE-NEXT,200,"Number of samples in transaction : 2, number of failing samples : 0",1.     INSTRUCTOR-REGISTRATION 1-1,,true,19875,2,2,0,1,0,2073
1390557872002,1238,S01_INSTRUCTORREGISTRATIONCLASSCREATION_T01_HOME,200,"Number of samples in transaction : 3, number of failing samples : 0",1.     INSTRUCTOR-REGISTRATION 1-2,,true,25739,2,2,0,1,0,2949
1390557876122,247,S01_INSTRUCTORREGISTRATIONCLASSCREATION_T03_CREATE,200,"Number of samples in transaction : 1, number of failing samples : 0",1.     INSTRUCTOR-REGISTRATION 1-1,,true,76964,2,2,0,1,0,1021
1390557876190,494,S01_INSTRUCTORREGISTRATIONCLASSCREATION_T02_ACCESSCODE-NEXT,200,"Number of samples in transaction : 2, number of failing samples : 0",1.     INSTRUCTOR-REGISTRATION 1-2,,true,19874,2,2,0,1,0,1201
1390557877897,249,S01_INSTRUCTORREGISTRATIONCLASSCREATION_T03_CREATE,200,"Number of samples in transaction : 1, number of failing samples : 0",1.     INSTRUCTOR-REGISTRATION 1-2,,true,76964,2,2,0,1,0,1677
1390557877395,501,S01_INSTRUCTORREGISTRATIONCLASSCREATION_T04_LICENSEAGREE-NEXT,200,"Number of samples in transaction : 1, number of failing samples : 0",1.     INSTRUCTOR-REGISTRATION 1-1,,true,15634,2,2,0,1,0,2401
1390557880298,82,S01_INSTRUCTORREGISTRATIONCLASSCREATION_T05_INSTRINFO-NEXTT,200,"Number of samples in transaction : 1, number of failing samples : 0",1.     INSTRUCTOR-REGISTRATION 1-1,,true,538,2,2,0,1,0,129
1390557879861,172,S01_INSTRUCTORREGISTRATIONCLASSCREATION_T04_LICENSEAGREE-NEXT,200,"Number of samples in transaction : 1, number of failing samples : 0",1.     INSTRUCTOR-REGISTRATION 1-2,,true,15634,2,2,0,1,0,2005
1390557882039,84,S01_INSTRUCTORREGISTRATIONCLASSCREATION_T05_INSTRINFO-NEXTT,200,"Number of samples in transaction : 1, number of failing samples : 0",1.     INSTRUCTOR-REGISTRATION 1-2,,true,538,2,2,0,1,0,3
1390557880509,1638,S01_INSTRUCTORREGISTRATIONCLASSCREATION_T06_OK,200,"Number of samples in transaction : 4, number of failing samples : 0",1.     INSTRUCTOR-REGISTRATION 1-1,,true,19670,2,2,0,1,0,3
1390557882127,1735,S01_INSTRUCTORREGISTRATIONCLASSCREATION_T06_OK,200,"Number of samples in transaction : 4, number of failing samples : 0",1.     INSTRUCTOR-REGISTRATION 1-2,,true,19662,2,2,0,1,0,3
1390557882150,2157,S01_INSTRUCTORREGISTRATIONCLASSCREATION_T07_FINISH,200,"Number of samples in transaction : 4, number of failing samples : 0",1.     INSTRUCTOR-REGISTRATION 1-1,,true,21426,2,2,0,1,0,2761
1390557887068,645,S01_INSTRUCTORREGISTRATIONCLASSCREATION_T08_LOGOUT,200,"Number of samples in transaction : 1, number of failing samples : 0",1.     INSTRUCTOR-REGISTRATION 1-1,,true,5068,2,2,0,1,0,78
1390557883865,2241,S01_INSTRUCTORREGISTRATIONCLASSCREATION_T07_FINISH,200,"Number of samples in transaction : 4, number of failing samples : 0",1.     INSTRUCTOR-REGISTRATION 1-2,,true,21423,1,1,0,1,0,2011
1390557888117,979,S01_INSTRUCTORREGISTRATIONCLASSCREATION_T08_LOGOUT,200,"Number of samples in transaction : 1, number of failing samples : 0",1.     INSTRUCTOR-REGISTRATION 1-2,,true,5068,1,1,0,1,0,12
1390557889137,1,TEACHER ID : 100060,200,OK,2.     INSTRUCTOR-CREATES-A-CLASS 2-1,text,true,1472,1,1,0,1,0,0
1390557892169,0,TEACHER ID : 100061,200,OK,2.     INSTRUCTOR-CREATES-A-CLASS 2-2,text,true,1472,2,2,0,1,0,0
1390557889152,4985,S01_1_ST01_Login,200,"Number of samples in transaction : 5, number of failing samples : 0",2.     INSTRUCTOR-CREATES-A-CLASS 2-1,,true,48287,2,2,0,1,0,23
1390557894160,996,S01_1_ST02_SelectLanguage_And_Continue,200,"Number of samples in transaction : 1, number of failing samples : 0",2.     INSTRUCTOR-CREATES-A-CLASS 2-1,,true,4011,2,2,0,1,0,1068
1390557896224,61,S01_1_ST03_ISBN_Search,200,"Number of samples in transaction : 1, number of failing samples : 0",2.     INSTRUCTOR-CREATES-A-CLASS 2-1,,true,3316,2,2,0,1,0,0
1390557892170,4707,S01_1_ST01_Login,200,"Number of samples in transaction : 5, number of failing samples : 0",2.     INSTRUCTOR-CREATES-A-CLASS 2-2,,true,48287,2,2,0,1,0,16
1390557896893,1081,S01_1_ST02_SelectLanguage_And_Continue,200,"Number of samples in transaction : 1, number of failing samples : 0",2.     INSTRUCTOR-CREATES-A-CLASS 2-2,,true,4009,2,2,0,1,0,2886
1390557900860,48,S01_1_ST03_ISBN_Search,200,"Number of samples in transaction : 1, number of failing samples : 0",2.     INSTRUCTOR-CREATES-A-CLASS 2-2,,true,3320,2,2,0,1,0,1
1390557896285,72,S01_1_ST04_Click_On_Book,200,"Number of samples in transaction : 1, number of failing samples : 0",2.     INSTRUCTOR-CREATES-A-CLASS 2-1,,true,3098,2,2,0,1,0,9329
1390557900909,59,S01_1_ST04_Click_On_Book,200,"Number of samples in transaction : 1, number of failing samples : 0",2.     INSTRUCTOR-CREATES-A-CLASS 2-2,,true,3102,2,2,0,1,0,9789
1390557905686,96,S01_1_ST05_Name_And_Create_Class,200,"Number of samples in transaction : 1, number of failing samples : 0",2.     INSTRUCTOR-CREATES-A-CLASS 2-1,,true,7015,2,2,0,1,0,8087
1390557913870,242,S01_1_ST06_Click_On_GoTo_MyClasses,200,"Number of samples in transaction : 4, number of failing samples : 0",2.     INSTRUCTOR-CREATES-A-CLASS 2-1,,true,16079,2,2,0,1,0,2759
1390557916872,239,S01_1_ST07_Refresh_GoTo_MyClasses,200,"Number of samples in transaction : 2, number of failing samples : 0",2.     INSTRUCTOR-CREATES-A-CLASS 2-1,,true,16019,2,2,0,1,0,2670
1390557919781,293,S01_1_ST08_Refresh_Class_Created,200,"Number of samples in transaction : 3, number of failing samples : 0",2.     INSTRUCTOR-CREATES-A-CLASS 2-1,,true,25203,2,2,0,1,0,4
1390557910757,143,S01_1_ST05_Name_And_Create_Class,200,"Number of samples in transaction : 1, number of failing samples : 0",2.     INSTRUCTOR-CREATES-A-CLASS 2-2,,true,7016,2,2,0,1,0,9304
1390557920205,577,S01_1_ST06_Click_On_GoTo_MyClasses,200,"Number of samples in transaction : 4, number of failing samples : 0",2.     INSTRUCTOR-CREATES-A-CLASS 2-2,,true,16024,2,2,0,1,0,2313
1390557923095,535,S01_1_ST07_Refresh_GoTo_MyClasses,200,"Number of samples in transaction : 2, number of failing samples : 0",2.     INSTRUCTOR-CREATES-A-CLASS 2-2,,true,16026,2,2,0,1,0,5203
1390557928834,679,S01_1_ST08_Refresh_Class_Created,200,"Number of samples in transaction : 3, number of failing samples : 0",2.     INSTRUCTOR-CREATES-A-CLASS 2-2,,true,25205,2,2,0,1,0,8
1390557920078,297137,S01_1_ST09_Wait_UNTIL_Class_Creation_Is_Complete,200,"Number of samples in transaction : 44, number of failing samples : 0",2.     INSTRUCTOR-CREATES-A-CLASS 2-1,,true,993920,2,2,0,1,0,0
1390558217216,578,S01_1_ST10_Click_ClassName,200,"Number of samples in transaction : 4, number of failing samples : 0",2.     INSTRUCTOR-CREATES-A-CLASS 2-1,,true,27361,2,2,0,1,0,6470
1390558224265,2767,S01_1_ST11_Click_Assignments,200,"Number of samples in transaction : 2, number of failing samples : 0",2.     INSTRUCTOR-CREATES-A-CLASS 2-1,,true,18053,2,2,0,1,0,7247
1390558234280,498,S01_1_ST12_Click_Add_Link,200,"Number of samples in transaction : 2, number of failing samples : 0",2.     INSTRUCTOR-CREATES-A-CLASS 2-1,,true,22436,2,2,0,1,0,3458
1390558238237,792,S01_1_ST13_Click_Post,200,"Number of samples in transaction : 3, number of failing samples : 0",2.     INSTRUCTOR-CREATES-A-CLASS 2-1,,true,19315,2,2,0,1,0,4804
1390558243833,966,S01_1_ST14_Logout,200,"Number of samples in transaction : 2, number of failing samples : 0",2.     INSTRUCTOR-CREATES-A-CLASS 2-1,,true,9466,2,2,0,1,0,3
1390557929521,431769,S01_1_ST09_Wait_UNTIL_Class_Creation_Is_Complete,200,"Number of samples in transaction : 67, number of failing samples : 0",2.     INSTRUCTOR-CREATES-A-CLASS 2-2,,true,1513533,1,1,0,1,0,0
1390558361292,427,S01_1_ST10_Click_ClassName,200,"Number of samples in transaction : 4, number of failing samples : 0",2.     INSTRUCTOR-CREATES-A-CLASS 2-2,,true,27317,1,1,0,1,0,3719
1390558365439,1912,S01_1_ST11_Click_Assignments,200,"Number of samples in transaction : 2, number of failing samples : 0",2.     INSTRUCTOR-CREATES-A-CLASS 2-2,,true,18034,1,1,0,1,0,1259
1390558368610,549,S01_1_ST12_Click_Add_Link,200,"Number of samples in transaction : 2, number of failing samples : 0",2.     INSTRUCTOR-CREATES-A-CLASS 2-2,,true,22362,1,1,0,1,0,2989
1390558372148,418,S01_1_ST13_Click_Post,200,"Number of samples in transaction : 3, number of failing samples : 0",2.     INSTRUCTOR-CREATES-A-CLASS 2-2,,true,19284,1,1,0,1,0,8674
1390558381240,1448,S01_1_ST14_Logout,200,"Number of samples in transaction : 2, number of failing samples : 0",2.     INSTRUCTOR-CREATES-A-CLASS 2-2,,true,9466,1,1,0,1,0,1
1390558382696,0,STUDENT ID : 100060,200,OK,3.     STUDENT-REGISTRATION 3-1,text,true,1469,1,1,0,1,0,0
1390558382708,0,STUDENT = 100060,200,OK,3.     STUDENT-REGISTRATION 3-1,text,true,1469,1,1,0,1,0,0
1390558382726,1031,S02_STUDENTREGISTRATIONANDTAKESTEST_T01_HOME,200,"Number of samples in transaction : 3, number of failing samples : 0",3.     STUDENT-REGISTRATION 3-1,,true,24545,1,1,0,1,0,1396
1390558385700,1,STUDENT ID : 100061,200,OK,3.     STUDENT-REGISTRATION 3-2,text,true,1469,2,2,0,1,0,0
1390558385702,0,STUDENT = 100061,200,OK,3.     STUDENT-REGISTRATION 3-2,text,true,1469,2,2,0,1,0,0
1390558385154,1329,S02_STUDENTREGISTRATIONANDTAKESTEST_T02_ACCESSCODE-NEXT,200,"Number of samples in transaction : 4, number of failing samples : 0",3.     STUDENT-REGISTRATION 3-1,,true,19866,2,2,0,1,0,0
1390558385715,291,S02_STUDENTREGISTRATIONANDTAKESTEST_T01_HOME,200,"Number of samples in transaction : 3, number of failing samples : 0",3.     STUDENT-REGISTRATION 3-2,,true,24560,2,2,0,1,0,1075
1390558387082,933,S02_STUDENTREGISTRATIONANDTAKESTEST_T02_ACCESSCODE-NEXT,200,"Number of samples in transaction : 4, number of failing samples : 0",3.     STUDENT-REGISTRATION 3-2,,true,19872,2,2,0,1,0,2
1390558388701,0,STUDENT ID : 100062,200,OK,3.     STUDENT-REGISTRATION 3-3,text,true,1469,3,3,0,1,0,0
1390558388702,0,STUDENT = 100062,200,OK,3.     STUDENT-REGISTRATION 3-3,text,true,1469,3,3,0,1,0,0
1390558386484,252,S02_STUDENTREGISTRATIONANDTAKESTEST_T03_CREATE,200,"Number of samples in transaction : 1, number of failing samples : 0",3.     STUDENT-REGISTRATION 3-1,,true,77117,3,3,0,1,0,2280
1390558388716,350,S02_STUDENTREGISTRATIONANDTAKESTEST_T01_HOME,200,"Number of samples in transaction : 3, number of failing samples : 0",3.     STUDENT-REGISTRATION 3-3,,true,24561,3,3,0,1,0,1284
1390558388017,246,S02_STUDENTREGISTRATIONANDTAKESTEST_T03_CREATE,200,"Number of samples in transaction : 1, number of failing samples : 0",3.     STUDENT-REGISTRATION 3-2,,true,77117,3,3,0,1,0,2738
1390558390350,1045,S02_STUDENTREGISTRATIONANDTAKESTEST_T02_ACCESSCODE-NEXT,200,"Number of samples in transaction : 4, number of failing samples : 0",3.     STUDENT-REGISTRATION 3-3,,true,19878,3,3,0,1,0,2
1390558389016,265,S02_STUDENTREGISTRATIONANDTAKESTEST_T04_LICENCEAGREE-NEXT,200,"Number of samples in transaction : 1, number of failing samples : 0",3.     STUDENT-REGISTRATION 3-1,,true,15787,3,3,0,1,0,2247
1390558391532,87,S02_STUDENTREGISTRATIONANDTAKESTEST_T05_STUDENTDATA-NEXT,200,"Number of samples in transaction : 1, number of failing samples : 0",3.     STUDENT-REGISTRATION 3-1,,true,538,3,3,0,1,0,12
1390558391703,0,STUDENT ID : 100063,200,OK,3.     STUDENT-REGISTRATION 3-4,text,true,1469,4,4,0,1,0,0
1390558391704,0,STUDENT = 100063,200,OK,3.     STUDENT-REGISTRATION 3-4,text,true,1469,4,4,0,1,0,0
1390558391397,255,S02_STUDENTREGISTRATIONANDTAKESTEST_T03_CREATE,200,"Number of samples in transaction : 1, number of failing samples : 0",3.     STUDENT-REGISTRATION 3-3,,true,77117,4,4,0,1,0,1025
1390558391002,168,S02_STUDENTREGISTRATIONANDTAKESTEST_T04_LICENCEAGREE-NEXT,200,"Number of samples in transaction : 1, number of failing samples : 0",3.     STUDENT-REGISTRATION 3-2,,true,15787,4,4,0,1,0,1616
1390558392786,84,S02_STUDENTREGISTRATIONANDTAKESTEST_T05_STUDENTDATA-NEXT,200,"Number of samples in transaction : 1, number of failing samples : 0",3.     STUDENT-REGISTRATION 3-2,,true,538,4,4,0,1,0,2
1390558392677,172,S02_STUDENTREGISTRATIONANDTAKESTEST_T04_LICENCEAGREE-NEXT,200,"Number of samples in transaction : 1, number of failing samples : 0",3.     STUDENT-REGISTRATION 3-3,,true,15787,4,4,0,1,0,1791
1390558394705,0,STUDENT ID : 100064,200,OK,3.     STUDENT-REGISTRATION 3-5,text,true,1469,5,5,0,1,0,0
1390558394707,0,STUDENT = 100064,200,OK,3.     STUDENT-REGISTRATION 3-5,text,true,1469,5,5,0,1,0,0
1390558394641,85,S02_STUDENTREGISTRATIONANDTAKESTEST_T05_STUDENTDATA-NEXT,200,"Number of samples in transaction : 1, number of failing samples : 0",3.     STUDENT-REGISTRATION 3-3,,true,538,5,5,0,1,0,2
1390558391723,271,S02_STUDENTREGISTRATIONANDTAKESTEST_T01_HOME,200,"Number of samples in transaction : 3, number of failing samples : 0",3.     STUDENT-REGISTRATION 3-4,,true,24548,5,5,0,1,0,2947
1390558391632,2177,S02_STUDENTREGISTRATIONANDTAKESTEST_T06_OK,200,"Number of samples in transaction : 5, number of failing samples : 0",3.     STUDENT-REGISTRATION 3-1,,true,24063,5,5,0,1,0,1882
1390558394942,960,S02_STUDENTREGISTRATIONANDTAKESTEST_T02_ACCESSCODE-NEXT,200,"Number of samples in transaction : 4, number of failing samples : 0",3.     STUDENT-REGISTRATION 3-4,,true,19871,5,5,0,1,0,3
1390558394720,384,S02_STUDENTREGISTRATIONANDTAKESTEST_T01_HOME,200,"Number of samples in transaction : 3, number of failing samples : 0",3.     STUDENT-REGISTRATION 3-5,,true,24561,5,5,0,1,0,2091
1390558397708,0,STUDENT ID : 100065,200,OK,3.     STUDENT-REGISTRATION 3-6,text,true,1468,6,6,0,1,0,0
1390558397709,0,STUDENT = 100065,200,OK,3.     STUDENT-REGISTRATION 3-6,text,true,1469,6,6,0,1,0,0
1390558397196,1047,S02_STUDENTREGISTRATIONANDTAKESTEST_T02_ACCESSCODE-NEXT,200,"Number of samples in transaction : 4, number of failing samples : 0",3.     STUDENT-REGISTRATION 3-5,,true,19871,6,6,0,1,0,5
1390558395905,254,S02_STUDENTREGISTRATIONANDTAKESTEST_T03_CREATE,200,"Number of samples in transaction : 1, number of failing samples : 0",3.     STUDENT-REGISTRATION 3-4,,true,77117,6,6,0,1,0,2541
1390558392872,1993,S02_STUDENTREGISTRATIONANDTAKESTEST_T06_OK,200,"Number of samples in transaction : 5, number of failing samples : 0",3.     STUDENT-REGISTRATION 3-2,,true,24064,6,6,0,1,0,4093
1390558397723,290,S02_STUDENTREGISTRATIONANDTAKESTEST_T01_HOME,200,"Number of samples in transaction : 3, number of failing samples : 0",3.     STUDENT-REGISTRATION 3-6,,true,24549,6,6,0,1,0,2118
1390558400709,0,STUDENT ID : 100066,200,OK,3.     STUDENT-REGISTRATION 3-7,text,true,1469,7,7,0,1,0,0
1390558400710,0,STUDENT = 100066,200,OK,3.     STUDENT-REGISTRATION 3-7,text,true,1469,7,7,0,1,0,0
1390558400131,895,S02_STUDENTREGISTRATIONANDTAKESTEST_T02_ACCESSCODE-NEXT,200,"Number of samples in transaction : 4, number of failing samples : 0",3.     STUDENT-REGISTRATION 3-6,,true,19865,7,7,0,1,0,1
1390558398248,256,S02_STUDENTREGISTRATIONANDTAKESTEST_T03_CREATE,200,"Number of samples in transaction : 1, number of failing samples : 0",3.     STUDENT-REGISTRATION 3-5,,true,77117,7,7,0,1,0,2637
1390558398701,430,S02_STUDENTREGISTRATIONANDTAKESTEST_T04_LICENCEAGREE-NEXT,200,"Number of samples in transaction : 1, number of failing samples : 0",3.     STUDENT-REGISTRATION 3-4,,true,15787,7,7,0,1,0,2284
1390558401416,85,S02_STUDENTREGISTRATIONANDTAKESTEST_T05_STUDENTDATA-NEXT,200,"Number of samples in transaction : 1, number of failing samples : 0",3.     STUDENT-REGISTRATION 3-4,,true,538,7,7,0,1,0,2
1390558400724,361,S02_STUDENTREGISTRATIONANDTAKESTEST_T01_HOME,200,"Number of samples in transaction : 3, number of failing samples : 0",3.     STUDENT-REGISTRATION 3-7,,true,24567,7,7,0,1,0,1143
1390558401141,179,S02_STUDENTREGISTRATIONANDTAKESTEST_T04_LICENCEAGREE-NEXT,200,"Number of samples in transaction : 1, number of failing samples : 0",3.     STUDENT-REGISTRATION 3-5,,true,15787,7,7,0,1,0,1366
1390558402686,86,S02_STUDENTREGISTRATIONANDTAKESTEST_T05_STUDENTDATA-NEXT,200,"Number of samples in transaction : 1, number of failing samples : 0",3.     STUDENT-REGISTRATION 3-5,,true,538,7,7,0,1,0,2
1390558402228,1095,S02_STUDENTREGISTRATIONANDTAKESTEST_T02_ACCESSCODE-NEXT,200,"Number of samples in transaction : 4, number of failing samples : 0",3.     STUDENT-REGISTRATION 3-7,,true,19878,7,7,0,1,0,2
1390558403711,0,STUDENT ID : 100067,200,OK,3.     STUDENT-REGISTRATION 3-8,text,true,1469,8,8,0,1,0,0
1390558403712,0,STUDENT = 100067,200,OK,3.     STUDENT-REGISTRATION 3-8,text,true,1468,8,8,0,1,0,0
1390558401027,259,S02_STUDENTREGISTRATIONANDTAKESTEST_T03_CREATE,200,"Number of samples in transaction : 1, number of failing samples : 0",3.     STUDENT-REGISTRATION 3-6,,true,77117,8,8,0,1,0,2589
1390558403325,253,S02_STUDENTREGISTRATIONANDTAKESTEST_T03_CREATE,200,"Number of samples in transaction : 1, number of failing samples : 0",3.     STUDENT-REGISTRATION 3-7,,true,77117,8,8,0,1,0,1367
1390558403875,174,S02_STUDENTREGISTRATIONANDTAKESTEST_T04_LICENCEAGREE-NEXT,200,"Number of samples in transaction : 1, number of failing samples : 0",3.     STUDENT-REGISTRATION 3-6,,true,15787,8,8,0,1,0,1179
1390558405228,87,S02_STUDENTREGISTRATIONANDTAKESTEST_T05_STUDENTDATA-NEXT,200,"Number of samples in transaction : 1, number of failing samples : 0",3.     STUDENT-REGISTRATION 3-6,,true,538,8,8,0,1,0,2
1390558394737,2360,S02_STUDENTREGISTRATIONANDTAKESTEST_T06_OK,200,"Number of samples in transaction : 5, number of failing samples : 0",3.     STUDENT-REGISTRATION 3-3,,true,24071,8,8,0,1,0,8712
1390558398958,2199,S02_STUDENTREGISTRATIONANDTAKESTEST_T07_FINISH,200,"Number of samples in transaction : 4, number of failing samples : 0",3.     STUDENT-REGISTRATION 3-2,,true,21593,8,8,0,1,0,5357
1390558395691,1896,S02_STUDENTREGISTRATIONANDTAKESTEST_T07_FINISH,200,"Number of samples in transaction : 4, number of failing samples : 0",3.     STUDENT-REGISTRATION 3-1,,true,21590,8,8,0,1,0,9003
1390558404946,178,S02_STUDENTREGISTRATIONANDTAKESTEST_T04_LICENCEAGREE-NEXT,200,"Number of samples in transaction : 1, number of failing samples : 0",3.     STUDENT-REGISTRATION 3-7,,true,15787,8,8,0,1,0,1482
1390558406606,86,S02_STUDENTREGISTRATIONANDTAKESTEST_T05_STUDENTDATA-NEXT,200,"Number of samples in transaction : 1, number of failing samples : 0",3.     STUDENT-REGISTRATION 3-7,,true,538,8,8,0,1,0,2
1390558406713,0,STUDENT ID : 100068,200,OK,3.     STUDENT-REGISTRATION 3-9,text,true,1469,9,9,0,1,0,0
1390558406714,0,STUDENT = 100068,200,OK,3.     STUDENT-REGISTRATION 3-9,text,true,1469,9,9,0,1,0,0
1390558403727,313,S02_STUDENTREGISTRATIONANDTAKESTEST_T01_HOME,200,"Number of samples in transaction : 3, number of failing samples : 0",3.     STUDENT-REGISTRATION 3-8,,true,24567,9,9,0,1,0,2978
1390558406590,581,S02_STUDENTREGISTRATION_T08_LOGOUT,200,"Number of samples in transaction : 1, number of failing samples : 0",3.     STUDENT-REGISTRATION 3-1,,true,5069,9,9,0,1,0,9
1390558406514,847,S02_STUDENTREGISTRATION_T08_LOGOUT,200,"Number of samples in transaction : 1, number of failing samples : 0",3.     STUDENT-REGISTRATION 3-2,,true,5068,8,8,0,1,0,8
1390558407018,963,S02_STUDENTREGISTRATIONANDTAKESTEST_T02_ACCESSCODE-NEXT,200,"Number of samples in transaction : 4, number of failing samples : 0",3.     STUDENT-REGISTRATION 3-8,,true,19871,7,7,0,1,0,0
1390558406733,391,S02_STUDENTREGISTRATIONANDTAKESTEST_T01_HOME,200,"Number of samples in transaction : 3, number of failing samples : 0",3.     STUDENT-REGISTRATION 3-9,,true,24554,7,7,0,1,0,1574
1390558405809,1972,S02_STUDENTREGISTRATIONANDTAKESTEST_T07_FINISH,200,"Number of samples in transaction : 4, number of failing samples : 0",3.     STUDENT-REGISTRATION 3-3,,true,21583,7,7,0,1,0,1415
1390558401504,1856,S02_STUDENTREGISTRATIONANDTAKESTEST_T06_OK,200,"Number of samples in transaction : 5, number of failing samples : 0",3.     STUDENT-REGISTRATION 3-4,,true,24070,7,7,0,1,0,6020
1390558409714,0,STUDENT ID : 100069,200,OK,3.     STUDENT-REGISTRATION 3-10,text,true,1469,8,8,0,1,0,0
1390558409715,0,STUDENT = 100069,200,OK,3.     STUDENT-REGISTRATION 3-10,text,true,1469,8,8,0,1,0,0
1390558408699,1096,S02_STUDENTREGISTRATIONANDTAKESTEST_T02_ACCESSCODE-NEXT,200,"Number of samples in transaction : 4, number of failing samples : 0",3.     STUDENT-REGISTRATION 3-9,,true,19872,8,8,0,1,0,2
1390558409197,865,S02_STUDENTREGISTRATION_T08_LOGOUT,200,"Number of samples in transaction : 1, number of failing samples : 0",3.     STUDENT-REGISTRATION 3-3,,true,5068,8,8,0,1,0,10
1390558407981,253,S02_STUDENTREGISTRATIONANDTAKESTEST_T03_CREATE,200,"Number of samples in transaction : 1, number of failing samples : 0",3.     STUDENT-REGISTRATION 3-8,,true,77117,7,7,0,1,0,2561
1390558402775,2346,S02_STUDENTREGISTRATIONANDTAKESTEST_T06_OK,200,"Number of samples in transaction : 5, number of failing samples : 0",3.     STUDENT-REGISTRATION 3-5,,true,24063,7,7,0,1,0,6135
1390558409734,361,S02_STUDENTREGISTRATIONANDTAKESTEST_T01_HOME,200,"Number of samples in transaction : 3, number of failing samples : 0",3.     STUDENT-REGISTRATION 3-10,,true,24561,7,7,0,1,0,1178
1390558411273,1032,S02_STUDENTREGISTRATIONANDTAKESTEST_T02_ACCESSCODE-NEXT,200,"Number of samples in transaction : 4, number of failing samples : 0",3.     STUDENT-REGISTRATION 3-10,,true,19871,7,7,0,1,0,0
1390558409381,1776,S02_STUDENTREGISTRATIONANDTAKESTEST_T07_FINISH,200,"Number of samples in transaction : 4, number of failing samples : 0",3.     STUDENT-REGISTRATION 3-4,,true,21583,7,7,0,1,0,1301
1390558409797,252,S02_STUDENTREGISTRATIONANDTAKESTEST_T03_CREATE,200,"Number of samples in transaction : 1, number of failing samples : 0",3.     STUDENT-REGISTRATION 3-9,,true,77117,7,7,0,1,0,2448
1390558405317,2050,S02_STUDENTREGISTRATIONANDTAKESTEST_T06_OK,200,"Number of samples in transaction : 5, number of failing samples : 0",3.     STUDENT-REGISTRATION 3-6,,true,24070,7,7,0,1,0,5278
1390558412458,843,S02_STUDENTREGISTRATION_T08_LOGOUT,200,"Number of samples in transaction : 1, number of failing samples : 0",3.     STUDENT-REGISTRATION 3-4,,true,5068,7,7,0,1,0,8
1390558410795,175,S02_STUDENTREGISTRATIONANDTAKESTEST_T04_LICENCEAGREE-NEXT,200,"Number of samples in transaction : 1, number of failing samples : 0",3.     STUDENT-REGISTRATION 3-8,,true,15787,6,6,0,1,0,2863
1390558413834,86,S02_STUDENTREGISTRATIONANDTAKESTEST_T05_STUDENTDATA-NEXT,200,"Number of samples in transaction : 1, number of failing samples : 0",3.     STUDENT-REGISTRATION 3-8,,true,538,6,6,0,1,0,2
1390558412306,251,S02_STUDENTREGISTRATIONANDTAKESTEST_T03_CREATE,200,"Number of samples in transaction : 1, number of failing samples : 0",3.     STUDENT-REGISTRATION 3-10,,true,77117,6,6,0,1,0,1958
1390558412497,166,S02_STUDENTREGISTRATIONANDTAKESTEST_T04_LICENCEAGREE-NEXT,200,"Number of samples in transaction : 1, number of failing samples : 0",3.     STUDENT-REGISTRATION 3-9,,true,15787,6,6,0,1,0,1999
1390558414662,81,S02_STUDENTREGISTRATIONANDTAKESTEST_T05_STUDENTDATA-NEXT,200,"Number of samples in transaction : 1, number of failing samples : 0",3.     STUDENT-REGISTRATION 3-9,,true,538,6,6,0,1,0,2
1390558406694,1992,S02_STUDENTREGISTRATIONANDTAKESTEST_T06_OK,200,"Number of samples in transaction : 5, number of failing samples : 0",3.     STUDENT-REGISTRATION 3-7,,true,24063,6,6,0,1,0,8173
1390558414516,169,S02_STUDENTREGISTRATIONANDTAKESTEST_T04_LICENCEAGREE-NEXT,200,"Number of samples in transaction : 1, number of failing samples : 0",3.     STUDENT-REGISTRATION 3-10,,true,15787,6,6,0,1,0,2295
1390558416981,79,S02_STUDENTREGISTRATIONANDTAKESTEST_T05_STUDENTDATA-NEXT,200,"Number of samples in transaction : 1, number of failing samples : 0",3.     STUDENT-REGISTRATION 3-10,,true,538,6,6,0,1,0,2
1390558412645,1849,S02_STUDENTREGISTRATIONANDTAKESTEST_T07_FINISH,200,"Number of samples in transaction : 4, number of failing samples : 0",3.     STUDENT-REGISTRATION 3-6,,true,21593,6,6,0,1,0,4192
1390558414746,1961,S02_STUDENTREGISTRATIONANDTAKESTEST_T06_OK,200,"Number of samples in transaction : 5, number of failing samples : 0",3.     STUDENT-REGISTRATION 3-9,,true,24070,6,6,0,1,0,2206
1390558411257,3251,S02_STUDENTREGISTRATIONANDTAKESTEST_T07_FINISH,200,"Number of samples in transaction : 4, number of failing samples : 0",3.     STUDENT-REGISTRATION 3-5,,true,21585,6,6,0,1,0,4622
1390558418686,952,S02_STUDENTREGISTRATION_T08_LOGOUT,200,"Number of samples in transaction : 1, number of failing samples : 0",3.     STUDENT-REGISTRATION 3-6,,true,5068,6,6,0,1,0,8
1390558419131,885,S02_STUDENTREGISTRATION_T08_LOGOUT,200,"Number of samples in transaction : 1, number of failing samples : 0",3.     STUDENT-REGISTRATION 3-5,,true,5068,5,5,0,1,0,9
1390558417063,1801,S02_STUDENTREGISTRATIONANDTAKESTEST_T06_OK,200,"Number of samples in transaction : 5, number of failing samples : 0",3.     STUDENT-REGISTRATION 3-10,,true,24063,4,4,0,1,0,3017
1390558416862,1932,S02_STUDENTREGISTRATIONANDTAKESTEST_T07_FINISH,200,"Number of samples in transaction : 4, number of failing samples : 0",3.     STUDENT-REGISTRATION 3-7,,true,21591,4,4,0,1,0,5975
1390558413923,1906,S02_STUDENTREGISTRATIONANDTAKESTEST_T06_OK,200,"Number of samples in transaction : 5, number of failing samples : 0",3.     STUDENT-REGISTRATION 3-8,,true,24070,4,4,0,1,0,9551
1390558424769,1271,S02_STUDENTREGISTRATION_T08_LOGOUT,200,"Number of samples in transaction : 1, number of failing samples : 0",3.     STUDENT-REGISTRATION 3-7,,true,5069,4,4,0,1,0,9
1390558418914,2018,S02_STUDENTREGISTRATIONANDTAKESTEST_T07_FINISH,200,"Number of samples in transaction : 4, number of failing samples : 0",3.     STUDENT-REGISTRATION 3-9,,true,21590,3,3,0,1,0,6336
1390558427268,1022,S02_STUDENTREGISTRATION_T08_LOGOUT,200,"Number of samples in transaction : 1, number of failing samples : 0",3.     STUDENT-REGISTRATION 3-9,,true,5069,3,3,0,1,0,8
1390558421882,1941,S02_STUDENTREGISTRATIONANDTAKESTEST_T07_FINISH,200,"Number of samples in transaction : 4, number of failing samples : 0",3.     STUDENT-REGISTRATION 3-10,,true,21583,2,2,0,1,0,5087
1390558428910,1021,S02_STUDENTREGISTRATION_T08_LOGOUT,200,"Number of samples in transaction : 1, number of failing samples : 0",3.     STUDENT-REGISTRATION 3-10,,true,5069,2,2,0,1,0,7
1390558425380,2181,S02_STUDENTREGISTRATIONANDTAKESTEST_T07_FINISH,200,"Number of samples in transaction : 4, number of failing samples : 0",3.     STUDENT-REGISTRATION 3-8,,true,21589,1,1,0,1,0,9091
1390558436652,842,S02_STUDENTREGISTRATION_T08_LOGOUT,200,"Number of samples in transaction : 1, number of failing samples : 0",3.     STUDENT-REGISTRATION 3-8,,true,5069,1,1,0,1,0,8
1390558437530,0,STUDENT ID : 100060,200,OK,4.     STUDENT-JOINS-CLASS-TAKES-TEST-SUBMITS-ASSIGNMENT 4-1,text,true,1494,1,1,0,1,0,0
1390558437535,0,STUDENT = 100060,200,OK,4.     STUDENT-JOINS-CLASS-TAKES-TEST-SUBMITS-ASSIGNMENT 4-1,text,true,1494,1,1,0,1,0,0
1390558440569,0,STUDENT ID : 100061,200,OK,4.     STUDENT-JOINS-CLASS-TAKES-TEST-SUBMITS-ASSIGNMENT 4-2,text,true,1494,2,2,0,1,0,0
1390558440570,0,STUDENT = 100061,200,OK,4.     STUDENT-JOINS-CLASS-TAKES-TEST-SUBMITS-ASSIGNMENT 4-2,text,true,1494,2,2,0,1,0,0
1390558443583,0,STUDENT ID : 100062,200,OK,4.     STUDENT-JOINS-CLASS-TAKES-TEST-SUBMITS-ASSIGNMENT 4-3,text,true,1494,3,3,0,1,0,0
1390558443584,0,STUDENT = 100062,200,OK,4.     STUDENT-JOINS-CLASS-TAKES-TEST-SUBMITS-ASSIGNMENT 4-3,text,true,1494,3,3,0,1,0,0
1390558437570,6382,S02_1_ST01_Login,200,"Number of samples in transaction : 6, number of failing samples : 0",4.     STUDENT-JOINS-CLASS-TAKES-TEST-SUBMITS-ASSIGNMENT 4-1,,true,50858,3,3,0,1,0,1521
1390558446587,0,STUDENT ID : 100063,200,OK,4.     STUDENT-JOINS-CLASS-TAKES-TEST-SUBMITS-ASSIGNMENT 4-4,text,true,1494,4,4,0,1,0,0
1390558446588,0,STUDENT = 100063,200,OK,4.     STUDENT-JOINS-CLASS-TAKES-TEST-SUBMITS-ASSIGNMENT 4-4,text,true,1494,4,4,0,1,0,0
1390558445473,50,S02_1_ST02_SelectClass_And_Continue,200,"Number of samples in transaction : 1, number of failing samples : 0",4.     STUDENT-JOINS-CLASS-TAKES-TEST-SUBMITS-ASSIGNMENT 4-1,,true,2748,4,4,0,1,0,1234
1390558440588,6022,S02_1_ST01_Login,200,"Number of samples in transaction : 6, number of failing samples : 0",4.     STUDENT-JOINS-CLASS-TAKES-TEST-SUBMITS-ASSIGNMENT 4-2,,true,50847,4,4,0,1,0,1395
1390558446758,277,S02_1_ST03_Click_JoinYourInstructorClass,200,"Number of samples in transaction : 1, number of failing samples : 0",4.     STUDENT-JOINS-CLASS-TAKES-TEST-SUBMITS-ASSIGNMENT 4-1,,true,2805,4,4,0,1,0,1802
1390558443600,3639,S02_1_ST01_Login,200,"Number of samples in transaction : 6, number of failing samples : 0",4.     STUDENT-JOINS-CLASS-TAKES-TEST-SUBMITS-ASSIGNMENT 4-3,,true,50850,4,4,0,1,0,2246
1390558448005,54,S02_1_ST02_SelectClass_And_Continue,200,"Number of samples in transaction : 1, number of failing samples : 0",4.     STUDENT-JOINS-CLASS-TAKES-TEST-SUBMITS-ASSIGNMENT 4-2,,true,2743,4,4,0,1,0,1478
1390558449603,1,STUDENT ID : 100064,200,OK,4.     STUDENT-JOINS-CLASS-TAKES-TEST-SUBMITS-ASSIGNMENT 4-5,text,true,1493,5,5,0,1,0,0
1390558449604,0,STUDENT = 100064,200,OK,4.     STUDENT-JOINS-CLASS-TAKES-TEST-SUBMITS-ASSIGNMENT 4-5,text,true,1494,5,5,0,1,0,0
1390558449485,49,S02_1_ST02_SelectClass_And_Continue,200,"Number of samples in transaction : 1, number of failing samples : 0",4.     STUDENT-JOINS-CLASS-TAKES-TEST-SUBMITS-ASSIGNMENT 4-3,,true,2747,5,5,0,1,0,1484
1390558446604,3745,S02_1_ST01_Login,200,"Number of samples in transaction : 6, number of failing samples : 0",4.     STUDENT-JOINS-CLASS-TAKES-TEST-SUBMITS-ASSIGNMENT 4-4,,true,50853,5,5,0,1,0,1695
1390558449538,284,S02_1_ST03_Click_JoinYourInstructorClass,200,"Number of samples in transaction : 1, number of failing samples : 0",4.     STUDENT-JOINS-CLASS-TAKES-TEST-SUBMITS-ASSIGNMENT 4-2,,true,2800,5,5,0,1,0,2787
1390558452611,0,STUDENT ID : 100065,200,OK,4.     STUDENT-JOINS-CLASS-TAKES-TEST-SUBMITS-ASSIGNMENT 4-6,text,true,1494,6,6,0,1,0,0
1390558452626,0,STUDENT = 100065,200,OK,4.     STUDENT-JOINS-CLASS-TAKES-TEST-SUBMITS-ASSIGNMENT 4-6,text,true,1493,6,6,0,1,0,0
1390558451019,265,S02_1_ST03_Click_JoinYourInstructorClass,200,"Number of samples in transaction : 1, number of failing samples : 0",4.     STUDENT-JOINS-CLASS-TAKES-TEST-SUBMITS-ASSIGNMENT 4-3,,true,2805,6,6,0,1,0,1385
1390558452045,56,S02_1_ST02_SelectClass_And_Continue,200,"Number of samples in transaction : 1, number of failing samples : 0",4.     STUDENT-JOINS-CLASS-TAKES-TEST-SUBMITS-ASSIGNMENT 4-4,,true,2746,6,6,0,1,0,1388
1390558449622,4236,S02_1_ST01_Login,200,"Number of samples in transaction : 6, number of failing samples : 0",4.     STUDENT-JOINS-CLASS-TAKES-TEST-SUBMITS-ASSIGNMENT 4-5,,true,50854,6,6,0,1,0,1101
1390558455623,0,STUDENT ID : 100066,200,OK,4.     STUDENT-JOINS-CLASS-TAKES-TEST-SUBMITS-ASSIGNMENT 4-7,text,true,1494,7,7,0,1,0,0
1390558455624,0,STUDENT = 100066,200,OK,4.     STUDENT-JOINS-CLASS-TAKES-TEST-SUBMITS-ASSIGNMENT 4-7,text,true,1494,7,7,0,1,0,0
1390558453489,284,S02_1_ST03_Click_JoinYourInstructorClass,200,"Number of samples in transaction : 1, number of failing samples : 0",4.     STUDENT-JOINS-CLASS-TAKES-TEST-SUBMITS-ASSIGNMENT 4-4,,true,2803,7,7,0,1,0,1891
1390558454959,52,S02_1_ST02_SelectClass_And_Continue,200,"Number of samples in transaction : 1, number of failing samples : 0",4.     STUDENT-JOINS-CLASS-TAKES-TEST-SUBMITS-ASSIGNMENT 4-5,,true,2750,7,7,0,1,0,1326
1390558452641,3714,S02_1_ST01_Login,200,"Number of samples in transaction : 6, number of failing samples : 0",4.     STUDENT-JOINS-CLASS-TAKES-TEST-SUBMITS-ASSIGNMENT 4-6,,true,50846,7,7,0,1,0,1191
1390558456337,505,S02_1_ST03_Click_JoinYourInstructorClass,200,"Number of samples in transaction : 1, number of failing samples : 0",4.     STUDENT-JOINS-CLASS-TAKES-TEST-SUBMITS-ASSIGNMENT 4-5,,true,2806,7,7,0,1,0,1022
1390558458644,0,STUDENT ID : 100067,200,OK,4.     STUDENT-JOINS-CLASS-TAKES-TEST-SUBMITS-ASSIGNMENT 4-8,text,true,1494,8,8,0,1,0,0
1390558458645,0,STUDENT = 100067,200,OK,4.     STUDENT-JOINS-CLASS-TAKES-TEST-SUBMITS-ASSIGNMENT 4-8,text,true,1494,8,8,0,1,0,0
1390558457547,116,S02_1_ST02_SelectClass_And_Continue,200,"Number of samples in transaction : 1, number of failing samples : 0",4.     STUDENT-JOINS-CLASS-TAKES-TEST-SUBMITS-ASSIGNMENT 4-6,,true,2745,8,8,0,1,0,1132
1390558458795,279,S02_1_ST03_Click_JoinYourInstructorClass,200,"Number of samples in transaction : 1, number of failing samples : 0",4.     STUDENT-JOINS-CLASS-TAKES-TEST-SUBMITS-ASSIGNMENT 4-6,,true,2803,8,8,0,1,0,1383
1390558455639,3627,S02_1_ST01_Login,200,"Number of samples in transaction : 6, number of failing samples : 0",4.     STUDENT-JOINS-CLASS-TAKES-TEST-SUBMITS-ASSIGNMENT 4-7,,true,50851,8,8,0,1,0,2265
1390558461691,0,STUDENT ID : 100068,200,OK,4.     STUDENT-JOINS-CLASS-TAKES-TEST-SUBMITS-ASSIGNMENT 4-9,text,true,1494,9,9,0,1,0,0
1390558461692,0,STUDENT = 100068,200,OK,4.     STUDENT-JOINS-CLASS-TAKES-TEST-SUBMITS-ASSIGNMENT 4-9,text,true,1493,9,9,0,1,0,0
1390558461531,49,S02_1_ST02_SelectClass_And_Continue,200,"Number of samples in transaction : 1, number of failing samples : 0",4.     STUDENT-JOINS-CLASS-TAKES-TEST-SUBMITS-ASSIGNMENT 4-7,,true,2745,9,9,0,1,0,2163
1390558464699,0,STUDENT ID : 100069,200,OK,4.     STUDENT-JOINS-CLASS-TAKES-TEST-SUBMITS-ASSIGNMENT 4-10,text,true,1494,10,10,0,1,0,0
1390558464700,0,STUDENT = 100069,200,OK,4.     STUDENT-JOINS-CLASS-TAKES-TEST-SUBMITS-ASSIGNMENT 4-10,text,true,1494,10,10,0,1,0,0
1390558458663,4596,S02_1_ST01_Login,200,"Number of samples in transaction : 6, number of failing samples : 0",4.     STUDENT-JOINS-CLASS-TAKES-TEST-SUBMITS-ASSIGNMENT 4-8,,true,50853,10,10,0,1,0,2209
1390558463744,289,S02_1_ST03_Click_JoinYourInstructorClass,200,"Number of samples in transaction : 1, number of failing samples : 0",4.     STUDENT-JOINS-CLASS-TAKES-TEST-SUBMITS-ASSIGNMENT 4-7,,true,2802,10,10,0,1,0,2943
1390558465469,93,S02_1_ST02_SelectClass_And_Continue,200,"Number of samples in transaction : 1, number of failing samples : 0",4.     STUDENT-JOINS-CLASS-TAKES-TEST-SUBMITS-ASSIGNMENT 4-8,,true,2748,10,10,0,1,0,2364
1390558461709,3849,S02_1_ST01_Login,200,"Number of samples in transaction : 6, number of failing samples : 0",4.     STUDENT-JOINS-CLASS-TAKES-TEST-SUBMITS-ASSIGNMENT 4-9,,true,50796,10,10,0,1,0,2966
1390558467926,216,S02_1_ST03_Click_JoinYourInstructorClass,200,"Number of samples in transaction : 1, number of failing samples : 0",4.     STUDENT-JOINS-CLASS-TAKES-TEST-SUBMITS-ASSIGNMENT 4-8,,true,2804,10,10,0,1,0,1250
1390558468525,62,S02_1_ST02_SelectClass_And_Continue,200,"Number of samples in transaction : 1, number of failing samples : 0",4.     STUDENT-JOINS-CLASS-TAKES-TEST-SUBMITS-ASSIGNMENT 4-9,,true,2747,10,10,0,1,0,2033
1390558464716,4081,S02_1_ST01_Login,200,"Number of samples in transaction : 6, number of failing samples : 0",4.     STUDENT-JOINS-CLASS-TAKES-TEST-SUBMITS-ASSIGNMENT 4-10,,true,50798,10,10,0,1,0,2488
1390558470621,308,S02_1_ST03_Click_JoinYourInstructorClass,200,"Number of samples in transaction : 1, number of failing samples : 0",4.     STUDENT-JOINS-CLASS-TAKES-TEST-SUBMITS-ASSIGNMENT 4-9,,true,2803,10,10,0,1,0,1819
1390558471285,133,S02_1_ST02_SelectClass_And_Continue,200,"Number of samples in transaction : 1, number of failing samples : 0",4.     STUDENT-JOINS-CLASS-TAKES-TEST-SUBMITS-ASSIGNMENT 4-10,,true,2749,10,10,0,1,0,1715
1390558473133,366,S02_1_ST03_Click_JoinYourInstructorClass,200,"Number of samples in transaction : 1, number of failing samples : 0",4.     STUDENT-JOINS-CLASS-TAKES-TEST-SUBMITS-ASSIGNMENT 4-10,,true,2805,10,10,0,1,0,2256
1390558466977,15245,S02_1_ST04_InputClassID_And_Click_Continue,200,"Number of samples in transaction : 1, number of failing samples : 0",4.     STUDENT-JOINS-CLASS-TAKES-TEST-SUBMITS-ASSIGNMENT 4-7,,true,2774,10,10,0,1,0,3554
1390558452669,27587,S02_1_ST04_InputClassID_And_Click_Continue,200,"Number of samples in transaction : 1, number of failing samples : 0",4.     STUDENT-JOINS-CLASS-TAKES-TEST-SUBMITS-ASSIGNMENT 4-3,,true,2778,10,10,0,1,0,5522
1390558448837,32959,S02_1_ST04_InputClassID_And_Click_Continue,200,"Number of samples in transaction : 1, number of failing samples : 0",4.     STUDENT-JOINS-CLASS-TAKES-TEST-SUBMITS-ASSIGNMENT 4-1,,true,2776,10,10,0,1,0,3987
1390558457865,23041,S02_1_ST04_InputClassID_And_Click_Continue,200,"Number of samples in transaction : 1, number of failing samples : 0",4.     STUDENT-JOINS-CLASS-TAKES-TEST-SUBMITS-ASSIGNMENT 4-5,,true,2778,10,10,0,1,0,4879
1390558472749,10319,S02_1_ST04_InputClassID_And_Click_Continue,200,"Number of samples in transaction : 1, number of failing samples : 0",4.     STUDENT-JOINS-CLASS-TAKES-TEST-SUBMITS-ASSIGNMENT 4-9,,true,2776,10,10,0,1,0,7180
1390558469393,35160,S02_1_ST04_InputClassID_And_Click_Continue,200,"Number of samples in transaction : 1, number of failing samples : 0",4.     STUDENT-JOINS-CLASS-TAKES-TEST-SUBMITS-ASSIGNMENT 4-8,,true,2776,10,10,0,1,0,2325
1390558452609,46167,S02_1_ST04_InputClassID_And_Click_Continue,200,"Number of samples in transaction : 1, number of failing samples : 0",4.     STUDENT-JOINS-CLASS-TAKES-TEST-SUBMITS-ASSIGNMENT 4-2,,true,2773,10,10,0,1,0,8183
1390558455665,41913,S02_1_ST04_InputClassID_And_Click_Continue,200,"Number of samples in transaction : 1, number of failing samples : 0",4.     STUDENT-JOINS-CLASS-TAKES-TEST-SUBMITS-ASSIGNMENT 4-4,,true,2776,10,10,0,1,0,9389
1390558460457,45472,S02_1_ST04_InputClassID_And_Click_Continue,200,"Number of samples in transaction : 1, number of failing samples : 0",4.     STUDENT-JOINS-CLASS-TAKES-TEST-SUBMITS-ASSIGNMENT 4-6,,true,2774,10,10,0,1,0,1051
1390558475756,29030,S02_1_ST04_InputClassID_And_Click_Continue,200,"Number of samples in transaction : 1, number of failing samples : 0",4.     STUDENT-JOINS-CLASS-TAKES-TEST-SUBMITS-ASSIGNMENT 4-10,,true,2777,10,10,0,1,0,2195
1390558485797,33804,S02_1_ST05_Click_JoinButton,,"Number of samples in transaction : 4, number of failing samples : 1",4.     STUDENT-JOINS-CLASS-TAKES-TEST-SUBMITS-ASSIGNMENT 4-5,,false,55989,10,10,0,1,1,3
1390558485797,33832,S02_1_ST05_Click_JoinButton,,"Number of samples in transaction : 4, number of failing samples : 1",4.     STUDENT-JOINS-CLASS-TAKES-TEST-SUBMITS-ASSIGNMENT 4-3,,false,55916,10,10,0,1,1,4
1390558490249,29407,S02_1_ST05_Click_JoinButton,,"Number of samples in transaction : 4, number of failing samples : 1",4.     STUDENT-JOINS-CLASS-TAKES-TEST-SUBMITS-ASSIGNMENT 4-9,,false,55989,9,9,0,1,1,0
1390558485777,32508,S02_1_ST05_Click_JoinButton,200,"Number of samples in transaction : 7, number of failing samples : 0",4.     STUDENT-JOINS-CLASS-TAKES-TEST-SUBMITS-ASSIGNMENT 4-7,,true,92178,7,7,0,1,0,2177
1390558485797,32534,S02_1_ST05_Click_JoinButton,200,"Number of samples in transaction : 7, number of failing samples : 0",4.     STUDENT-JOINS-CLASS-TAKES-TEST-SUBMITS-ASSIGNMENT 4-1,,true,92181,7,7,0,1,0,3531
1390558521862,1513,S02_1_ST06_Click_Assignments,200,"Number of samples in transaction : 3, number of failing samples : 0",4.     STUDENT-JOINS-CLASS-TAKES-TEST-SUBMITS-ASSIGNMENT 4-1,,true,21780,7,7,0,1,0,1876
1390558520462,1759,S02_1_ST06_Click_Assignments,200,"Number of samples in transaction : 3, number of failing samples : 0",4.     STUDENT-JOINS-CLASS-TAKES-TEST-SUBMITS-ASSIGNMENT 4-7,,true,21998,7,7,0,1,0,9042
1390558525252,382,S02_1_ST07_Click_Assignment_Link,200,"Number of samples in transaction : 2, number of failing samples : 0",4.     STUDENT-JOINS-CLASS-TAKES-TEST-SUBMITS-ASSIGNMENT 4-1,,true,13274,7,7,0,1,0,6204
1390558531839,783,S02_1_ST08_Click_Submitt,200,"Number of samples in transaction : 2, number of failing samples : 0",4.     STUDENT-JOINS-CLASS-TAKES-TEST-SUBMITS-ASSIGNMENT 4-1,,true,5898,7,7,0,1,0,2662
1390558535284,777,S02_1_ST09_Click_BackToList,200,"Number of samples in transaction : 2, number of failing samples : 0",4.     STUDENT-JOINS-CLASS-TAKES-TEST-SUBMITS-ASSIGNMENT 4-1,,true,8655,7,7,0,1,0,3586
1390558506959,34461,S02_1_ST05_Click_JoinButton,,"Number of samples in transaction : 4, number of failing samples : 1",4.     STUDENT-JOINS-CLASS-TAKES-TEST-SUBMITS-ASSIGNMENT 4-2,,false,55951,7,7,0,1,1,0
1390558506973,34447,S02_1_ST05_Click_JoinButton,,"Number of samples in transaction : 4, number of failing samples : 1",4.     STUDENT-JOINS-CLASS-TAKES-TEST-SUBMITS-ASSIGNMENT 4-4,,false,55953,7,7,0,1,1,2
1390558506988,34430,S02_1_ST05_Click_JoinButton,,"Number of samples in transaction : 4, number of failing samples : 1",4.     STUDENT-JOINS-CLASS-TAKES-TEST-SUBMITS-ASSIGNMENT 4-10,,false,55989,7,7,0,1,1,2
1390558506988,34471,S02_1_ST05_Click_JoinButton,,"Number of samples in transaction : 4, number of failing samples : 1",4.     STUDENT-JOINS-CLASS-TAKES-TEST-SUBMITS-ASSIGNMENT 4-6,,false,55957,4,4,0,1,1,1
1390558531263,417,S02_1_ST07_Click_Assignment_Link,200,"Number of samples in transaction : 2, number of failing samples : 0",4.     STUDENT-JOINS-CLASS-TAKES-TEST-SUBMITS-ASSIGNMENT 4-7,,true,13277,3,3,0,1,0,9999
1390558506878,33012,S02_1_ST05_Click_JoinButton,200,"Number of samples in transaction : 7, number of failing samples : 0",4.     STUDENT-JOINS-CLASS-TAKES-TEST-SUBMITS-ASSIGNMENT 4-8,,true,92167,3,3,0,1,0,2625
1390558539647,325,S02_1_ST10_Logout,200,"Number of samples in transaction : 2, number of failing samples : 0",4.     STUDENT-JOINS-CLASS-TAKES-TEST-SUBMITS-ASSIGNMENT 4-1,,true,9466,3,3,0,1,0,2663
1390558542515,1764,S02_1_ST06_Click_Assignments,200,"Number of samples in transaction : 3, number of failing samples : 0",4.     STUDENT-JOINS-CLASS-TAKES-TEST-SUBMITS-ASSIGNMENT 4-8,,true,21984,2,2,0,1,0,5846
1390558541680,812,S02_1_ST08_Click_Submitt,200,"Number of samples in transaction : 2, number of failing samples : 0",4.     STUDENT-JOINS-CLASS-TAKES-TEST-SUBMITS-ASSIGNMENT 4-7,,true,5907,2,2,0,1,0,9307
1390558551799,739,S02_1_ST09_Click_BackToList,200,"Number of samples in transaction : 2, number of failing samples : 0",4.     STUDENT-JOINS-CLASS-TAKES-TEST-SUBMITS-ASSIGNMENT 4-7,,true,8783,2,2,0,1,0,6222
1390558550125,415,S02_1_ST07_Click_Assignment_Link,200,"Number of samples in transaction : 2, number of failing samples : 0",4.     STUDENT-JOINS-CLASS-TAKES-TEST-SUBMITS-ASSIGNMENT 4-8,,true,13271,2,2,0,1,0,8239
1390558558761,332,S02_1_ST10_Logout,200,"Number of samples in transaction : 2, number of failing samples : 0",4.     STUDENT-JOINS-CLASS-TAKES-TEST-SUBMITS-ASSIGNMENT 4-7,,true,9466,2,2,0,1,0,2145
1390558558784,904,S02_1_ST08_Click_Submitt,200,"Number of samples in transaction : 2, number of failing samples : 0",4.     STUDENT-JOINS-CLASS-TAKES-TEST-SUBMITS-ASSIGNMENT 4-8,,true,5898,1,1,0,1,0,1655
1390558561344,993,S02_1_ST09_Click_BackToList,200,"Number of samples in transaction : 2, number of failing samples : 0",4.     STUDENT-JOINS-CLASS-TAKES-TEST-SUBMITS-ASSIGNMENT 4-8,,true,8836,1,1,0,1,0,2218
1390558564556,412,S02_1_ST10_Logout,200,"Number of samples in transaction : 2, number of failing samples : 0",4.     STUDENT-JOINS-CLASS-TAKES-TEST-SUBMITS-ASSIGNMENT 4-8,,true,9466,1,1,0,1,0,1241
1390558566218,0,TEACHER ID : 100060,200,OK,5.     INSTRUCTOR-GRADES-STUDENTS 5-1,text,true,1472,1,1,0,1,0,0
1390558569222,1,TEACHER ID : 100061,200,OK,5.     INSTRUCTOR-GRADES-STUDENTS 5-2,text,true,1472,2,2,0,1,0,0
1390558566227,5050,S03_1_ST01_Login,200,"Number of samples in transaction : 8, number of failing samples : 0",5.     INSTRUCTOR-GRADES-STUDENTS 5-1,,true,86476,2,2,0,1,0,15
1390558569223,4068,S03_1_ST01_Login,200,"Number of samples in transaction : 8, number of failing samples : 0",5.     INSTRUCTOR-GRADES-STUDENTS 5-2,,true,86400,2,2,0,1,0,14
1390558571292,294,S03_1_ST02_Click_Class_Name,200,"Number of samples in transaction : 2, number of failing samples : 0",5.     INSTRUCTOR-GRADES-STUDENTS 5-1,,true,23051,2,2,0,1,0,3121
1390558574707,1868,S03_1_ST03_Click_Assignments,200,"Number of samples in transaction : 2, number of failing samples : 0",5.     INSTRUCTOR-GRADES-STUDENTS 5-1,,true,35435,2,2,0,1,0,6011
1390558573306,353,S03_1_ST02_Click_Class_Name,200,"Number of samples in transaction : 2, number of failing samples : 0",5.     INSTRUCTOR-GRADES-STUDENTS 5-2,,true,23052,2,2,0,1,0,9096
1390558582587,426,S03_1_ST04_Click_View_Submissions,200,"Number of samples in transaction : 3, number of failing samples : 0",5.     INSTRUCTOR-GRADES-STUDENTS 5-1,,true,39182,2,2,0,1,0,4185
1390558587200,111,S03_1_ST05_Click_Ungraded_Assignment,200,"Number of samples in transaction : 2, number of failing samples : 0",5.     INSTRUCTOR-GRADES-STUDENTS 5-1,,true,5276,2,2,0,1,0,6179
1390558582755,2577,S03_1_ST03_Click_Assignments,200,"Number of samples in transaction : 2, number of failing samples : 0",5.     INSTRUCTOR-GRADES-STUDENTS 5-2,,true,35544,2,2,0,1,0,9871
1390558593490,306,S03_1_ST06_Click_Save_And_Release_To_Student,200,"Number of samples in transaction : 2, number of failing samples : 0",5.     INSTRUCTOR-GRADES-STUDENTS 5-1,,true,10253,2,2,0,1,0,3844
1390558597640,406,S03_1_ST07_Click_Return_to_List,200,"Number of samples in transaction : 2, number of failing samples : 0",5.     INSTRUCTOR-GRADES-STUDENTS 5-1,,true,12857,2,2,0,1,0,1012
1390558595203,685,S03_1_ST04_Click_View_Submissions,200,"Number of samples in transaction : 3, number of failing samples : 0",5.     INSTRUCTOR-GRADES-STUDENTS 5-2,,true,39072,2,2,0,1,0,5853
1390558599058,2660,S03_1_ST08_Click_Assignment_List,200,"Number of samples in transaction : 2, number of failing samples : 0",5.     INSTRUCTOR-GRADES-STUDENTS 5-1,,true,12821,2,2,0,1,0,1700
1390558601743,148,S03_1_ST05_Click_Ungraded_Assignment,200,"Number of samples in transaction : 2, number of failing samples : 0",5.     INSTRUCTOR-GRADES-STUDENTS 5-2,,true,5237,2,2,0,1,0,7493
1390558603418,1378,S03_1_ST03_Click_Assignments,200,"Number of samples in transaction : 2, number of failing samples : 0",5.     INSTRUCTOR-GRADES-STUDENTS 5-1,,true,46862,2,2,0,1,0,5593
1390558609385,417,S03_1_ST06_Click_Save_And_Release_To_Student,200,"Number of samples in transaction : 2, number of failing samples : 0",5.     INSTRUCTOR-GRADES-STUDENTS 5-2,,true,10184,2,2,0,1,0,2736
1390558612539,724,S03_1_ST07_Click_Return_to_List,200,"Number of samples in transaction : 2, number of failing samples : 0",5.     INSTRUCTOR-GRADES-STUDENTS 5-2,,true,12710,2,2,0,1,0,2233
1390558610389,334,S03_1_ST04_Click_View_Submissions,200,"Number of samples in transaction : 3, number of failing samples : 0",5.     INSTRUCTOR-GRADES-STUDENTS 5-1,,true,41900,2,2,0,1,0,7734
1390558615497,3751,S03_1_ST08_Click_Assignment_List,200,"Number of samples in transaction : 2, number of failing samples : 0",5.     INSTRUCTOR-GRADES-STUDENTS 5-2,,true,12849,2,2,0,1,0,2088
1390558621337,1902,S03_1_ST03_Click_Assignments,200,"Number of samples in transaction : 2, number of failing samples : 0",5.     INSTRUCTOR-GRADES-STUDENTS 5-2,,true,46842,2,2,0,1,0,2174
1390558618459,113,S03_1_ST05_Click_Ungraded_Assignment,200,"Number of samples in transaction : 2, number of failing samples : 0",5.     INSTRUCTOR-GRADES-STUDENTS 5-1,,true,5236,2,2,0,1,0,8398
1390558626970,277,S03_1_ST06_Click_Save_And_Release_To_Student,200,"Number of samples in transaction : 2, number of failing samples : 0",5.     INSTRUCTOR-GRADES-STUDENTS 5-1,,true,10205,2,2,0,1,0,3431
1390558625414,535,S03_1_ST04_Click_View_Submissions,200,"Number of samples in transaction : 3, number of failing samples : 0",5.     INSTRUCTOR-GRADES-STUDENTS 5-2,,true,38223,2,2,0,1,0,9937
1390558630678,621,S03_1_ST07_Click_Return_to_List,200,"Number of samples in transaction : 2, number of failing samples : 0",5.     INSTRUCTOR-GRADES-STUDENTS 5-1,,true,12934,2,2,0,1,0,6034
1390558635888,671,S03_1_ST07_Click_Return_to_List,200,"Number of samples in transaction : 2, number of failing samples : 0",5.     INSTRUCTOR-GRADES-STUDENTS 5-2,,true,13046,2,2,0,1,0,9895
1390558637333,2764,S03_1_ST08_Click_Assignment_List,200,"Number of samples in transaction : 2, number of failing samples : 0",5.     INSTRUCTOR-GRADES-STUDENTS 5-1,,true,12778,2,2,0,1,0,8330
1390558646454,3388,S03_1_ST08_Click_Assignment_List,200,"Number of samples in transaction : 2, number of failing samples : 0",5.     INSTRUCTOR-GRADES-STUDENTS 5-2,,true,12838,2,2,0,1,0,3568
1390558648428,1417,S03_1_ST03_Click_Assignments,200,"Number of samples in transaction : 2, number of failing samples : 0",5.     INSTRUCTOR-GRADES-STUDENTS 5-1,,true,46948,2,2,0,1,0,6437
1390558653411,1762,S03_1_ST03_Click_Assignments,200,"Number of samples in transaction : 2, number of failing samples : 0",5.     INSTRUCTOR-GRADES-STUDENTS 5-2,,true,42131,2,2,0,1,0,5860
1390558656282,277,S03_1_ST04_Click_View_Submissions,200,"Number of samples in transaction : 3, number of failing samples : 0",5.     INSTRUCTOR-GRADES-STUDENTS 5-1,,true,38301,2,2,0,1,0,6216
1390558661033,323,S03_1_ST04_Click_View_Submissions,200,"Number of samples in transaction : 3, number of failing samples : 0",5.     INSTRUCTOR-GRADES-STUDENTS 5-2,,true,36998,2,2,0,1,0,2875
1390558662778,378,S03_1_ST07_Click_Return_to_List,200,"Number of samples in transaction : 2, number of failing samples : 0",5.     INSTRUCTOR-GRADES-STUDENTS 5-1,,true,13242,2,2,0,1,0,6025
1390558664233,692,S03_1_ST07_Click_Return_to_List,200,"Number of samples in transaction : 2, number of failing samples : 0",5.     INSTRUCTOR-GRADES-STUDENTS 5-2,,true,13087,2,2,0,1,0,8780
1390558669181,2688,S03_1_ST08_Click_Assignment_List,200,"Number of samples in transaction : 2, number of failing samples : 0",5.     INSTRUCTOR-GRADES-STUDENTS 5-1,,true,12770,2,2,0,1,0,2683
1390558674552,1361,S03_1_ST03_Click_Assignments,200,"Number of samples in transaction : 2, number of failing samples : 0",5.     INSTRUCTOR-GRADES-STUDENTS 5-1,,true,42061,2,2,0,1,0,2850
1390558673706,3335,S03_1_ST08_Click_Assignment_List,200,"Number of samples in transaction : 2, number of failing samples : 0",5.     INSTRUCTOR-GRADES-STUDENTS 5-2,,true,12817,2,2,0,1,0,5891
1390558678763,293,S03_1_ST04_Click_View_Submissions,200,"Number of samples in transaction : 3, number of failing samples : 0",5.     INSTRUCTOR-GRADES-STUDENTS 5-1,,true,37167,2,2,0,1,0,9377
1390558682933,1693,S03_1_ST03_Click_Assignments,200,"Number of samples in transaction : 2, number of failing samples : 0",5.     INSTRUCTOR-GRADES-STUDENTS 5-2,,true,42144,2,2,0,1,0,4054
1390558688680,335,S03_1_ST04_Click_View_Submissions,200,"Number of samples in transaction : 3, number of failing samples : 0",5.     INSTRUCTOR-GRADES-STUDENTS 5-2,,true,36999,2,2,0,1,0,7378
1390558688436,798,S03_1_ST07_Click_Return_to_List,200,"Number of samples in transaction : 2, number of failing samples : 0",5.     INSTRUCTOR-GRADES-STUDENTS 5-1,,true,13243,2,2,0,1,0,8491
1390558697725,2443,S03_1_ST08_Click_Assignment_List,200,"Number of samples in transaction : 2, number of failing samples : 0",5.     INSTRUCTOR-GRADES-STUDENTS 5-1,,true,12658,2,2,0,1,0,1548
1390558696396,883,S03_1_ST07_Click_Return_to_List,200,"Number of samples in transaction : 2, number of failing samples : 0",5.     INSTRUCTOR-GRADES-STUDENTS 5-2,,true,13017,2,2,0,1,0,9107
1390558701716,1590,S03_1_ST03_Click_Assignments,200,"Number of samples in transaction : 2, number of failing samples : 0",5.     INSTRUCTOR-GRADES-STUDENTS 5-1,,true,42091,2,2,0,1,0,4915
1390558708221,320,S03_1_ST04_Click_View_Submissions,200,"Number of samples in transaction : 3, number of failing samples : 0",5.     INSTRUCTOR-GRADES-STUDENTS 5-1,,true,37147,2,2,0,1,0,9896
1390558706387,3274,S03_1_ST08_Click_Assignment_List,200,"Number of samples in transaction : 2, number of failing samples : 0",5.     INSTRUCTOR-GRADES-STUDENTS 5-2,,true,12855,2,2,0,1,0,9848
1390558718439,386,S03_1_ST07_Click_Return_to_List,200,"Number of samples in transaction : 2, number of failing samples : 0",5.     INSTRUCTOR-GRADES-STUDENTS 5-1,,true,13250,2,2,0,1,0,7290
1390558719510,1684,S03_1_ST03_Click_Assignments,200,"Number of samples in transaction : 2, number of failing samples : 0",5.     INSTRUCTOR-GRADES-STUDENTS 5-2,,true,42139,2,2,0,1,0,8335
1390558726115,2583,S03_1_ST08_Click_Assignment_List,200,"Number of samples in transaction : 2, number of failing samples : 0",5.     INSTRUCTOR-GRADES-STUDENTS 5-1,,true,12689,2,2,0,1,0,4211
1390558729530,533,S03_1_ST04_Click_View_Submissions,200,"Number of samples in transaction : 3, number of failing samples : 0",5.     INSTRUCTOR-GRADES-STUDENTS 5-2,,true,37017,2,2,0,1,0,7265
1390558737330,813,S03_1_ST07_Click_Return_to_List,200,"Number of samples in transaction : 2, number of failing samples : 0",5.     INSTRUCTOR-GRADES-STUDENTS 5-2,,true,13016,2,2,0,1,0,1455
1390558732909,1415,S03_1_ST03_Click_Assignments,200,"Number of samples in transaction : 2, number of failing samples : 0",5.     INSTRUCTOR-GRADES-STUDENTS 5-1,,true,42019,2,2,0,1,0,9666
1390558739599,3178,S03_1_ST08_Click_Assignment_List,200,"Number of samples in transaction : 2, number of failing samples : 0",5.     INSTRUCTOR-GRADES-STUDENTS 5-2,,true,12843,2,2,0,1,0,7312
1390558743991,1293,S03_1_ST04_Click_View_Submissions,200,"Number of samples in transaction : 3, number of failing samples : 0",5.     INSTRUCTOR-GRADES-STUDENTS 5-1,,true,37154,2,2,0,1,0,5851
1390558751137,586,S03_1_ST07_Click_Return_to_List,200,"Number of samples in transaction : 2, number of failing samples : 0",5.     INSTRUCTOR-GRADES-STUDENTS 5-1,,true,13230,2,2,0,1,0,5751
1390558750089,1608,S03_1_ST03_Click_Assignments,200,"Number of samples in transaction : 2, number of failing samples : 0",5.     INSTRUCTOR-GRADES-STUDENTS 5-2,,true,42132,2,2,0,1,0,8058
1390558757474,2524,S03_1_ST08_Click_Assignment_List,200,"Number of samples in transaction : 2, number of failing samples : 0",5.     INSTRUCTOR-GRADES-STUDENTS 5-1,,true,12694,2,2,0,1,0,5550
1390558759755,1453,S03_1_ST04_Click_View_Submissions,200,"Number of samples in transaction : 3, number of failing samples : 0",5.     INSTRUCTOR-GRADES-STUDENTS 5-2,,true,37056,2,2,0,1,0,8152
1390558765548,1331,S03_1_ST03_Click_Assignments,200,"Number of samples in transaction : 2, number of failing samples : 0",5.     INSTRUCTOR-GRADES-STUDENTS 5-1,,true,42120,2,2,0,1,0,5401
1390558769362,857,S03_1_ST07_Click_Return_to_List,200,"Number of samples in transaction : 2, number of failing samples : 0",5.     INSTRUCTOR-GRADES-STUDENTS 5-2,,true,13119,2,2,0,1,0,3370
1390558773589,3291,S03_1_ST08_Click_Assignment_List,200,"Number of samples in transaction : 2, number of failing samples : 0",5.     INSTRUCTOR-GRADES-STUDENTS 5-2,,true,12779,2,2,0,1,0,5518
1390558772281,1306,S03_1_ST04_Click_View_Submissions,200,"Number of samples in transaction : 3, number of failing samples : 0",5.     INSTRUCTOR-GRADES-STUDENTS 5-1,,true,37136,2,2,0,1,0,9690
1390558783279,828,S03_1_ST07_Click_Return_to_List,200,"Number of samples in transaction : 2, number of failing samples : 0",5.     INSTRUCTOR-GRADES-STUDENTS 5-1,,true,13242,2,2,0,1,0,1224
1390558785331,2604,S03_1_ST08_Click_Assignment_List,200,"Number of samples in transaction : 2, number of failing samples : 0",5.     INSTRUCTOR-GRADES-STUDENTS 5-1,,true,12712,2,2,0,1,0,2121
1390558782399,1644,S03_1_ST03_Click_Assignments,200,"Number of samples in transaction : 2, number of failing samples : 0",5.     INSTRUCTOR-GRADES-STUDENTS 5-2,,true,42049,2,2,0,1,0,8882
1390558792926,517,S03_1_ST04_Click_View_Submissions,200,"Number of samples in transaction : 3, number of failing samples : 0",5.     INSTRUCTOR-GRADES-STUDENTS 5-2,,true,37016,2,2,0,1,0,3922
1390558790057,1333,S03_1_ST03_Click_Assignments,200,"Number of samples in transaction : 2, number of failing samples : 0",5.     INSTRUCTOR-GRADES-STUDENTS 5-1,,true,42029,2,2,0,1,0,7931
1390558799322,532,S03_1_ST04_Click_View_Submissions,200,"Number of samples in transaction : 3, number of failing samples : 0",5.     INSTRUCTOR-GRADES-STUDENTS 5-1,,true,37114,2,2,0,1,0,5006
1390558797367,440,S03_1_ST07_Click_Return_to_List,200,"Number of samples in transaction : 2, number of failing samples : 0",5.     INSTRUCTOR-GRADES-STUDENTS 5-2,,true,13063,2,2,0,1,0,7236
1390558805043,3094,S03_1_ST08_Click_Assignment_List,200,"Number of samples in transaction : 2, number of failing samples : 0",5.     INSTRUCTOR-GRADES-STUDENTS 5-2,,true,12810,2,2,0,1,0,4842
1390558804861,612,S03_1_ST07_Click_Return_to_List,200,"Number of samples in transaction : 2, number of failing samples : 0",5.     INSTRUCTOR-GRADES-STUDENTS 5-1,,true,13251,2,2,0,1,0,7882
1390558812979,1638,S03_1_ST03_Click_Assignments,200,"Number of samples in transaction : 2, number of failing samples : 0",5.     INSTRUCTOR-GRADES-STUDENTS 5-2,,true,42059,2,2,0,1,0,4239
1390558813356,2579,S03_1_ST08_Click_Assignment_List,200,"Number of samples in transaction : 2, number of failing samples : 0",5.     INSTRUCTOR-GRADES-STUDENTS 5-1,,true,12660,2,2,0,1,0,3557
1390558818856,612,S03_1_ST04_Click_View_Submissions,200,"Number of samples in transaction : 3, number of failing samples : 0",5.     INSTRUCTOR-GRADES-STUDENTS 5-2,,true,36998,2,2,0,1,0,2339
1390558819493,1191,S03_1_ST03_Click_Assignments,200,"Number of samples in transaction : 2, number of failing samples : 0",5.     INSTRUCTOR-GRADES-STUDENTS 5-1,,true,41994,2,2,0,1,0,9068
1390558821809,890,S03_1_ST07_Click_Return_to_List,200,"Number of samples in transaction : 2, number of failing samples : 0",5.     INSTRUCTOR-GRADES-STUDENTS 5-2,,true,13024,2,2,0,1,0,7460
1390558829753,311,S03_1_ST04_Click_View_Submissions,200,"Number of samples in transaction : 3, number of failing samples : 0",5.     INSTRUCTOR-GRADES-STUDENTS 5-1,,true,37167,2,2,0,1,0,6232
1390558830159,2933,S03_1_ST08_Click_Assignment_List,200,"Number of samples in transaction : 2, number of failing samples : 0",5.     INSTRUCTOR-GRADES-STUDENTS 5-2,,true,12733,2,2,0,1,0,5349
1390558836298,359,S03_1_ST07_Click_Return_to_List,200,"Number of samples in transaction : 2, number of failing samples : 0",5.     INSTRUCTOR-GRADES-STUDENTS 5-1,,true,13267,2,2,0,1,0,9688
1390558838441,1651,S03_1_ST03_Click_Assignments,200,"Number of samples in transaction : 2, number of failing samples : 0",5.     INSTRUCTOR-GRADES-STUDENTS 5-2,,true,42065,2,2,0,1,0,8878
1390558846345,2614,S03_1_ST08_Click_Assignment_List,200,"Number of samples in transaction : 2, number of failing samples : 0",5.     INSTRUCTOR-GRADES-STUDENTS 5-1,,true,12775,2,2,0,1,0,2983
1390558851942,1300,S03_1_ST03_Click_Assignments,200,"Number of samples in transaction : 2, number of failing samples : 0",5.     INSTRUCTOR-GRADES-STUDENTS 5-1,,true,42124,2,2,0,1,0,2676
1390558848970,338,S03_1_ST04_Click_View_Submissions,200,"Number of samples in transaction : 3, number of failing samples : 0",5.     INSTRUCTOR-GRADES-STUDENTS 5-2,,true,37032,2,2,0,1,0,8889
1390558855919,288,S03_1_ST04_Click_View_Submissions,200,"Number of samples in transaction : 3, number of failing samples : 0",5.     INSTRUCTOR-GRADES-STUDENTS 5-1,,true,37146,2,2,0,1,0,5144
1390558858200,826,S03_1_ST07_Click_Return_to_List,200,"Number of samples in transaction : 2, number of failing samples : 0",5.     INSTRUCTOR-GRADES-STUDENTS 5-2,,true,13063,2,2,0,1,0,7732
1390558861354,380,S03_1_ST07_Click_Return_to_List,200,"Number of samples in transaction : 2, number of failing samples : 0",5.     INSTRUCTOR-GRADES-STUDENTS 5-1,,true,13258,2,2,0,1,0,8092
1390558866758,3591,S03_1_ST08_Click_Assignment_List,200,"Number of samples in transaction : 2, number of failing samples : 0",5.     INSTRUCTOR-GRADES-STUDENTS 5-2,,true,12856,2,2,0,1,0,4727
1390558869827,2943,S03_1_ST08_Click_Assignment_List,200,"Number of samples in transaction : 2, number of failing samples : 0",5.     INSTRUCTOR-GRADES-STUDENTS 5-1,,true,12755,2,2,0,1,0,6643
1390558879413,2879,S03_1_ST09_Click_GradeBook,200,"Number of samples in transaction : 3, number of failing samples : 0",5.     INSTRUCTOR-GRADES-STUDENTS 5-1,,true,133695,2,2,0,1,0,1921
1390558875076,1746,S03_1_ST03_Click_Assignments,200,"Number of samples in transaction : 2, number of failing samples : 0",5.     INSTRUCTOR-GRADES-STUDENTS 5-2,,true,42090,2,2,0,1,0,8016
1390558884213,1316,S03_1_ST10_Click_Logout,200,"Number of samples in transaction : 2, number of failing samples : 0",5.     INSTRUCTOR-GRADES-STUDENTS 5-1,,true,9466,2,2,0,1,0,2195
1390558884838,504,S03_1_ST04_Click_View_Submissions,200,"Number of samples in transaction : 3, number of failing samples : 0",5.     INSTRUCTOR-GRADES-STUDENTS 5-2,,true,37012,1,1,0,1,0,2393
1390558887747,868,S03_1_ST07_Click_Return_to_List,200,"Number of samples in transaction : 2, number of failing samples : 0",5.     INSTRUCTOR-GRADES-STUDENTS 5-2,,true,13089,1,1,0,1,0,5218
1390558893834,3789,S03_1_ST08_Click_Assignment_List,200,"Number of samples in transaction : 2, number of failing samples : 0",5.     INSTRUCTOR-GRADES-STUDENTS 5-2,,true,12798,1,1,0,1,0,3565
1390558901188,3628,S03_1_ST09_Click_GradeBook,200,"Number of samples in transaction : 3, number of failing samples : 0",5.     INSTRUCTOR-GRADES-STUDENTS 5-2,,true,131896,1,1,0,1,0,7366
1390558912183,894,S03_1_ST10_Click_Logout,200,"Number of samples in transaction : 2, number of failing samples : 0",5.     INSTRUCTOR-GRADES-STUDENTS 5-2,,true,9466,1,1,0,1,0,1384
1390558914467,0,STUJOIN : 100060,200,OK,6.     STUDENT-REGISTRATION-FOR-SELF-STUDY 6-1,text,true,1469,1,1,0,1,0,0
1390558914481,0,STUJOIN = 100060,200,OK,6.     STUDENT-REGISTRATION-FOR-SELF-STUDY 6-1,text,true,1469,1,1,0,1,0,0
1390558917470,0,STUJOIN : 100061,200,OK,6.     STUDENT-REGISTRATION-FOR-SELF-STUDY 6-2,text,true,1469,2,2,0,1,0,0
1390558917471,0,STUJOIN = 100061,200,OK,6.     STUDENT-REGISTRATION-FOR-SELF-STUDY 6-2,text,true,1468,2,2,0,1,0,0
1390558914498,1521,S04_STUDENTREGISTRATIONJOINSELFSTUDYCOURSE_T01_HOME,200,"Number of samples in transaction : 3, number of failing samples : 0",6.     STUDENT-REGISTRATION-FOR-SELF-STUDY 6-1,,true,25710,2,2,0,1,0,2763
1390558920471,1,STUJOIN : 100062,200,OK,6.     STUDENT-REGISTRATION-FOR-SELF-STUDY 6-3,text,true,1469,3,3,0,1,0,0
1390558920473,0,STUJOIN = 100062,200,OK,6.     STUDENT-REGISTRATION-FOR-SELF-STUDY 6-3,text,true,1469,3,3,0,1,0,0
1390558917492,865,S04_STUDENTREGISTRATIONJOINSELFSTUDYCOURSE_T01_HOME,200,"Number of samples in transaction : 3, number of failing samples : 0",6.     STUDENT-REGISTRATION-FOR-SELF-STUDY 6-2,,true,25696,3,3,0,1,0,2351
1390558918783,1030,S04_STUDENTREGISTRATIONJOINSELFSTUDYCOURSE_T02_ACCESSCODE-NEXT,200,"Number of samples in transaction : 2, number of failing samples : 0",6.     STUDENT-REGISTRATION-FOR-SELF-STUDY 6-1,,true,19874,3,3,0,1,0,1679
1390558920708,487,S04_STUDENTREGISTRATIONJOINSELFSTUDYCOURSE_T02_ACCESSCODE-NEXT,200,"Number of samples in transaction : 2, number of failing samples : 0",6.     STUDENT-REGISTRATION-FOR-SELF-STUDY 6-2,,true,19874,3,3,0,1,0,1945
1390558920490,787,S04_STUDENTREGISTRATIONJOINSELFSTUDYCOURSE_T01_HOME,200,"Number of samples in transaction : 3, number of failing samples : 0",6.     STUDENT-REGISTRATION-FOR-SELF-STUDY 6-3,,true,25702,3,3,0,1,0,2076
1390558921492,240,S04_STUDENTREGISTRATIONJOINSELFSTUDYCOURSE_T03_CREATE,200,"Number of samples in transaction : 1, number of failing samples : 0",6.     STUDENT-REGISTRATION-FOR-SELF-STUDY 6-1,,true,76964,3,3,0,1,0,1689
1390558923472,0,STUJOIN : 100063,200,OK,6.     STUDENT-REGISTRATION-FOR-SELF-STUDY 6-4,text,true,1469,4,4,0,1,0,0
1390558923473,1,STUJOIN = 100063,200,OK,6.     STUDENT-REGISTRATION-FOR-SELF-STUDY 6-4,text,true,1469,4,4,0,1,0,0
1390558923422,169,S04_STUDENTREGISTRATIONJOINSELFSTUDYCOURSE_T04_LICENSEAGREE-NEXT,200,"Number of samples in transaction : 1, number of failing samples : 0",6.     STUDENT-REGISTRATION-FOR-SELF-STUDY 6-1,,true,15634,4,4,0,1,0,1527
1390558925118,83,S04_STUDENTREGISTRATIONJOINSELFSTUDYCOURSE_T05_STUDENTINFO-NEXT,200,"Number of samples in transaction : 1, number of failing samples : 0",6.     STUDENT-REGISTRATION-FOR-SELF-STUDY 6-1,,true,538,4,4,0,1,0,3
1390558923353,833,S04_STUDENTREGISTRATIONJOINSELFSTUDYCOURSE_T02_ACCESSCODE-NEXT,200,"Number of samples in transaction : 2, number of failing samples : 0",6.     STUDENT-REGISTRATION-FOR-SELF-STUDY 6-3,,true,19874,4,4,0,1,0,1854
1390558923140,242,S04_STUDENTREGISTRATIONJOINSELFSTUDYCOURSE_T03_CREATE,200,"Number of samples in transaction : 1, number of failing samples : 0",6.     STUDENT-REGISTRATION-FOR-SELF-STUDY 6-2,,true,76964,4,4,0,1,0,2844
1390558923490,901,S04_STUDENTREGISTRATIONJOINSELFSTUDYCOURSE_T01_HOME,200,"Number of samples in transaction : 3, number of failing samples : 0",6.     STUDENT-REGISTRATION-FOR-SELF-STUDY 6-4,,true,25689,4,4,0,1,0,2032
1390558926475,0,STUJOIN : 100064,200,OK,6.     STUDENT-REGISTRATION-FOR-SELF-STUDY 6-5,text,true,1468,5,5,0,1,0,0
1390558926476,0,STUJOIN = 100064,200,OK,6.     STUDENT-REGISTRATION-FOR-SELF-STUDY 6-5,text,true,1469,5,5,0,1,0,0
1390558925205,1611,S04_STUDENTREGISTRATIONJOINSELFSTUDYCOURSE_T06_OK,200,"Number of samples in transaction : 4, number of failing samples : 0",6.     STUDENT-REGISTRATION-FOR-SELF-STUDY 6-1,,true,19209,5,5,0,1,0,2
1390558926041,240,S04_STUDENTREGISTRATIONJOINSELFSTUDYCOURSE_T03_CREATE,200,"Number of samples in transaction : 1, number of failing samples : 0",6.     STUDENT-REGISTRATION-FOR-SELF-STUDY 6-3,,true,76964,5,5,0,1,0,1201
1390558926424,484,S04_STUDENTREGISTRATIONJOINSELFSTUDYCOURSE_T02_ACCESSCODE-NEXT,200,"Number of samples in transaction : 2, number of failing samples : 0",6.     STUDENT-REGISTRATION-FOR-SELF-STUDY 6-4,,true,19874,5,5,0,1,0,1545
1390558926493,917,S04_STUDENTREGISTRATIONJOINSELFSTUDYCOURSE_T01_HOME,200,"Number of samples in transaction : 3, number of failing samples : 0",6.     STUDENT-REGISTRATION-FOR-SELF-STUDY 6-5,,true,25707,5,5,0,1,0,1398
1390558926226,172,S04_STUDENTREGISTRATIONJOINSELFSTUDYCOURSE_T04_LICENSEAGREE-NEXT,200,"Number of samples in transaction : 1, number of failing samples : 0",6.     STUDENT-REGISTRATION-FOR-SELF-STUDY 6-2,,true,15634,5,5,0,1,0,2664
1390558929062,81,S04_STUDENTREGISTRATIONJOINSELFSTUDYCOURSE_T05_STUDENTINFO-NEXT,200,"Number of samples in transaction : 1, number of failing samples : 0",6.     STUDENT-REGISTRATION-FOR-SELF-STUDY 6-2,,true,538,5,5,0,1,0,3
1390558929478,0,STUJOIN : 100065,200,OK,6.     STUDENT-REGISTRATION-FOR-SELF-STUDY 6-6,text,true,1469,6,6,0,1,0,0
1390558929479,0,STUJOIN = 100065,200,OK,6.     STUDENT-REGISTRATION-FOR-SELF-STUDY 6-6,text,true,1469,6,6,0,1,0,0
1390558928453,240,S04_STUDENTREGISTRATIONJOINSELFSTUDYCOURSE_T03_CREATE,200,"Number of samples in transaction : 1, number of failing samples : 0",6.     STUDENT-REGISTRATION-FOR-SELF-STUDY 6-4,,true,76964,6,6,0,1,0,1284
1390558927485,165,S04_STUDENTREGISTRATIONJOINSELFSTUDYCOURSE_T04_LICENSEAGREE-NEXT,200,"Number of samples in transaction : 1, number of failing samples : 0",6.     STUDENT-REGISTRATION-FOR-SELF-STUDY 6-3,,true,15634,6,6,0,1,0,2496
1390558926818,2003,S04_STUDENTREGISTRATIONJOINSELFSTUDYCOURSE_T07_FINISH,200,"Number of samples in transaction : 4, number of failing samples : 0",6.     STUDENT-REGISTRATION-FOR-SELF-STUDY 6-1,,true,21400,6,6,0,1,0,1393
1390558930146,81,S04_STUDENTREGISTRATIONJOINSELFSTUDYCOURSE_T05_STUDENTINFO-NEXT,200,"Number of samples in transaction : 1, number of failing samples : 0",6.     STUDENT-REGISTRATION-FOR-SELF-STUDY 6-3,,true,538,6,6,0,1,0,3
1390558929146,1673,S04_STUDENTREGISTRATIONJOINSELFSTUDYCOURSE_T06_OK,200,"Number of samples in transaction : 4, number of failing samples : 0",6.     STUDENT-REGISTRATION-FOR-SELF-STUDY 6-2,,true,19202,6,6,0,1,0,2
1390558930214,609,S04_STUDENTREGISTRATION_T08_LOGOUT,200,"Number of samples in transaction : 1, number of failing samples : 0",6.     STUDENT-REGISTRATION-FOR-SELF-STUDY 6-1,,true,5068,6,6,0,1,0,6
1390558928808,485,S04_STUDENTREGISTRATIONJOINSELFSTUDYCOURSE_T02_ACCESSCODE-NEXT,200,"Number of samples in transaction : 2, number of failing samples : 0",6.     STUDENT-REGISTRATION-FOR-SELF-STUDY 6-5,,true,19874,5,5,0,1,0,2209
1390558930231,1568,S04_STUDENTREGISTRATIONJOINSELFSTUDYCOURSE_T06_OK,200,"Number of samples in transaction : 4, number of failing samples : 0",6.     STUDENT-REGISTRATION-FOR-SELF-STUDY 6-3,,true,19209,5,5,0,1,0,4
1390558929495,1088,S04_STUDENTREGISTRATIONJOINSELFSTUDYCOURSE_T01_HOME,200,"Number of samples in transaction : 3, number of failing samples : 0",6.     STUDENT-REGISTRATION-FOR-SELF-STUDY 6-6,,true,25696,5,5,0,1,0,1659
1390558932479,0,STUJOIN : 100066,200,OK,6.     STUDENT-REGISTRATION-FOR-SELF-STUDY 6-7,text,true,1469,6,6,0,1,0,0
1390558932480,0,STUJOIN = 100066,200,OK,6.     STUDENT-REGISTRATION-FOR-SELF-STUDY 6-7,text,true,1469,6,6,0,1,0,0
1390558929977,167,S04_STUDENTREGISTRATIONJOINSELFSTUDYCOURSE_T04_LICENSEAGREE-NEXT,200,"Number of samples in transaction : 1, number of failing samples : 0",6.     STUDENT-REGISTRATION-FOR-SELF-STUDY 6-4,,true,15634,6,6,0,1,0,2573
1390558932717,80,S04_STUDENTREGISTRATIONJOINSELFSTUDYCOURSE_T05_STUDENTINFO-NEXT,200,"Number of samples in transaction : 1, number of failing samples : 0",6.     STUDENT-REGISTRATION-FOR-SELF-STUDY 6-4,,true,538,6,6,0,1,0,3
1390558932800,1617,S04_STUDENTREGISTRATIONJOINSELFSTUDYCOURSE_T06_OK,200,"Number of samples in transaction : 4, number of failing samples : 0",6.     STUDENT-REGISTRATION-FOR-SELF-STUDY 6-4,,true,19209,6,6,0,1,0,3
1390558931502,246,S04_STUDENTREGISTRATIONJOINSELFSTUDYCOURSE_T03_CREATE,200,"Number of samples in transaction : 1, number of failing samples : 0",6.     STUDENT-REGISTRATION-FOR-SELF-STUDY 6-5,,true,76964,6,6,0,1,0,2740
1390558932496,931,S04_STUDENTREGISTRATIONJOINSELFSTUDYCOURSE_T01_HOME,200,"Number of samples in transaction : 3, number of failing samples : 0",6.     STUDENT-REGISTRATION-FOR-SELF-STUDY 6-7,,true,25714,6,6,0,1,0,1203
1390558935480,0,STUJOIN : 100067,200,OK,6.     STUDENT-REGISTRATION-FOR-SELF-STUDY 6-8,text,true,1469,7,7,0,1,0,0
1390558935483,0,STUJOIN = 100067,200,OK,6.     STUDENT-REGISTRATION-FOR-SELF-STUDY 6-8,text,true,1469,7,7,0,1,0,0
1390558932243,416,S04_STUDENTREGISTRATIONJOINSELFSTUDYCOURSE_T02_ACCESSCODE-NEXT,200,"Number of samples in transaction : 2, number of failing samples : 0",6.     STUDENT-REGISTRATION-FOR-SELF-STUDY 6-6,,true,19874,7,7,0,1,0,2996
1390558931803,1926,S04_STUDENTREGISTRATIONJOINSELFSTUDYCOURSE_T07_FINISH,200,"Number of samples in transaction : 4, number of failing samples : 0",6.     STUDENT-REGISTRATION-FOR-SELF-STUDY 6-3,,true,21406,7,7,0,1,0,2926
1390558936655,899,S04_STUDENTREGISTRATION_T08_LOGOUT,200,"Number of samples in transaction : 1, number of failing samples : 0",6.     STUDENT-REGISTRATION-FOR-SELF-STUDY 6-3,,true,5069,7,7,0,1,0,7
1390558934489,170,S04_STUDENTREGISTRATIONJOINSELFSTUDYCOURSE_T04_LICENSEAGREE-NEXT,200,"Number of samples in transaction : 1, number of failing samples : 0",6.     STUDENT-REGISTRATION-FOR-SELF-STUDY 6-5,,true,15634,6,6,0,1,0,2915
1390558937576,82,S04_STUDENTREGISTRATIONJOINSELFSTUDYCOURSE_T05_STUDENTINFO-NEXT,200,"Number of samples in transaction : 1, number of failing samples : 0",6.     STUDENT-REGISTRATION-FOR-SELF-STUDY 6-5,,true,538,6,6,0,1,0,1
1390558935500,859,S04_STUDENTREGISTRATIONJOINSELFSTUDYCOURSE_T01_HOME,200,"Number of samples in transaction : 3, number of failing samples : 0",6.     STUDENT-REGISTRATION-FOR-SELF-STUDY 6-8,,true,25708,6,6,0,1,0,1751
1390558934630,745,S04_STUDENTREGISTRATIONJOINSELFSTUDYCOURSE_T02_ACCESSCODE-NEXT,200,"Number of samples in transaction : 2, number of failing samples : 0",6.     STUDENT-REGISTRATION-FOR-SELF-STUDY 6-7,,true,19874,6,6,0,1,0,2835
1390558938482,0,STUJOIN : 100068,200,OK,6.     STUDENT-REGISTRATION-FOR-SELF-STUDY 6-9,text,true,1469,7,7,0,1,0,0
1390558938483,0,STUJOIN = 100068,200,OK,6.     STUDENT-REGISTRATION-FOR-SELF-STUDY 6-9,text,true,1469,7,7,0,1,0,0
1390558935656,256,S04_STUDENTREGISTRATIONJOINSELFSTUDYCOURSE_T03_CREATE,200,"Number of samples in transaction : 1, number of failing samples : 0",6.     STUDENT-REGISTRATION-FOR-SELF-STUDY 6-6,,true,76964,7,7,0,1,0,2631
1390558937659,1807,S04_STUDENTREGISTRATIONJOINSELFSTUDYCOURSE_T06_OK,200,"Number of samples in transaction : 4, number of failing samples : 0",6.     STUDENT-REGISTRATION-FOR-SELF-STUDY 6-5,,true,19202,7,7,0,1,0,4
1390558938210,257,S04_STUDENTREGISTRATIONJOINSELFSTUDYCOURSE_T03_CREATE,200,"Number of samples in transaction : 1, number of failing samples : 0",6.     STUDENT-REGISTRATION-FOR-SELF-STUDY 6-7,,true,76964,7,7,0,1,0,1381
1390558938544,110,S04_STUDENTREGISTRATIONJOINSELFSTUDYCOURSE_T04_LICENSEAGREE-NEXT,200,"Number of samples in transaction : 1, number of failing samples : 0",6.     STUDENT-REGISTRATION-FOR-SELF-STUDY 6-6,,true,15634,7,7,0,1,0,1370
1390558940024,118,S04_STUDENTREGISTRATIONJOINSELFSTUDYCOURSE_T05_STUDENTINFO-NEXT,200,"Number of samples in transaction : 1, number of failing samples : 0",6.     STUDENT-REGISTRATION-FOR-SELF-STUDY 6-6,,true,538,7,7,0,1,0,5
1390558930821,2440,S04_STUDENTREGISTRATIONJOINSELFSTUDYCOURSE_T07_FINISH,200,"Number of samples in transaction : 4, number of failing samples : 0",6.     STUDENT-REGISTRATION-FOR-SELF-STUDY 6-2,,true,21393,7,7,0,1,0,7161
1390558938110,682,S04_STUDENTREGISTRATIONJOINSELFSTUDYCOURSE_T02_ACCESSCODE-NEXT,200,"Number of samples in transaction : 2, number of failing samples : 0",6.     STUDENT-REGISTRATION-FOR-SELF-STUDY 6-8,,true,19874,7,7,0,1,0,1698
1390558938503,995,S04_STUDENTREGISTRATIONJOINSELFSTUDYCOURSE_T01_HOME,200,"Number of samples in transaction : 3, number of failing samples : 0",6.     STUDENT-REGISTRATION-FOR-SELF-STUDY 6-9,,true,25707,7,7,0,1,0,1264
1390558939848,90,S04_STUDENTREGISTRATIONJOINSELFSTUDYCOURSE_T04_LICENSEAGREE-NEXT,200,"Number of samples in transaction : 1, number of failing samples : 0",6.     STUDENT-REGISTRATION-FOR-SELF-STUDY 6-7,,true,15634,7,7,0,1,0,1106
1390558941044,82,S04_STUDENTREGISTRATIONJOINSELFSTUDYCOURSE_T05_STUDENTINFO-NEXT,200,"Number of samples in transaction : 1, number of failing samples : 0",6.     STUDENT-REGISTRATION-FOR-SELF-STUDY 6-7,,true,538,7,7,0,1,0,3
1390558940423,872,S04_STUDENTREGISTRATION_T08_LOGOUT,200,"Number of samples in transaction : 1, number of failing samples : 0",6.     STUDENT-REGISTRATION-FOR-SELF-STUDY 6-2,,true,5069,7,7,0,1,0,6
1390558941484,0,STUJOIN : 100069,200,OK,6.     STUDENT-REGISTRATION-FOR-SELF-STUDY 6-10,text,true,1468,7,7,0,1,0,0
1390558941485,0,STUJOIN = 100069,200,OK,6.     STUDENT-REGISTRATION-FOR-SELF-STUDY 6-10,text,true,1468,7,7,0,1,0,0
1390558940147,1857,S04_STUDENTREGISTRATIONJOINSELFSTUDYCOURSE_T06_OK,200,"Number of samples in transaction : 4, number of failing samples : 0",6.     STUDENT-REGISTRATION-FOR-SELF-STUDY 6-6,,true,19196,7,7,0,1,0,0
1390558941129,1593,S04_STUDENTREGISTRATIONJOINSELFSTUDYCOURSE_T06_OK,200,"Number of samples in transaction : 4, number of failing samples : 0",6.     STUDENT-REGISTRATION-FOR-SELF-STUDY 6-7,,true,19209,7,7,0,1,0,0
1390558940763,502,S04_STUDENTREGISTRATIONJOINSELFSTUDYCOURSE_T02_ACCESSCODE-NEXT,200,"Number of samples in transaction : 2, number of failing samples : 0",6.     STUDENT-REGISTRATION-FOR-SELF-STUDY 6-9,,true,19874,7,7,0,1,0,1900
1390558940491,252,S04_STUDENTREGISTRATIONJOINSELFSTUDYCOURSE_T03_CREATE,200,"Number of samples in transaction : 1, number of failing samples : 0",6.     STUDENT-REGISTRATION-FOR-SELF-STUDY 6-8,,true,76964,7,7,0,1,0,2648
1390558941505,788,S04_STUDENTREGISTRATIONJOINSELFSTUDYCOURSE_T01_HOME,200,"Number of samples in transaction : 3, number of failing samples : 0",6.     STUDENT-REGISTRATION-FOR-SELF-STUDY 6-10,,true,25714,7,7,0,1,0,1661
1390558934420,1940,S04_STUDENTREGISTRATIONJOINSELFSTUDYCOURSE_T07_FINISH,200,"Number of samples in transaction : 4, number of failing samples : 0",6.     STUDENT-REGISTRATION-FOR-SELF-STUDY 6-4,,true,21400,7,7,0,1,0,8391
1390558943165,253,S04_STUDENTREGISTRATIONJOINSELFSTUDYCOURSE_T03_CREATE,200,"Number of samples in transaction : 1, number of failing samples : 0",6.     STUDENT-REGISTRATION-FOR-SELF-STUDY 6-9,,true,76964,7,7,0,1,0,1495
1390558943391,226,S04_STUDENTREGISTRATIONJOINSELFSTUDYCOURSE_T04_LICENSEAGREE-NEXT,200,"Number of samples in transaction : 1, number of failing samples : 0",6.     STUDENT-REGISTRATION-FOR-SELF-STUDY 6-8,,true,15634,7,7,0,1,0,1437
1390558945054,80,S04_STUDENTREGISTRATIONJOINSELFSTUDYCOURSE_T05_STUDENTINFO-NEXT,200,"Number of samples in transaction : 1, number of failing samples : 0",6.     STUDENT-REGISTRATION-FOR-SELF-STUDY 6-8,,true,538,7,7,0,1,0,3
1390558943955,470,S04_STUDENTREGISTRATIONJOINSELFSTUDYCOURSE_T02_ACCESSCODE-NEXT,200,"Number of samples in transaction : 2, number of failing samples : 0",6.     STUDENT-REGISTRATION-FOR-SELF-STUDY 6-10,,true,19874,7,7,0,1,0,1329
1390558944752,1150,S04_STUDENTREGISTRATION_T08_LOGOUT,200,"Number of samples in transaction : 1, number of failing samples : 0",6.     STUDENT-REGISTRATION-FOR-SELF-STUDY 6-4,,true,5068,7,7,0,1,0,5
1390558945137,1477,S04_STUDENTREGISTRATIONJOINSELFSTUDYCOURSE_T06_OK,200,"Number of samples in transaction : 4, number of failing samples : 0",6.     STUDENT-REGISTRATION-FOR-SELF-STUDY 6-8,,true,19202,6,6,0,1,0,0
1390558944913,164,S04_STUDENTREGISTRATIONJOINSELFSTUDYCOURSE_T04_LICENSEAGREE-NEXT,200,"Number of samples in transaction : 1, number of failing samples : 0",6.     STUDENT-REGISTRATION-FOR-SELF-STUDY 6-9,,true,15634,6,6,0,1,0,1601
1390558946678,82,S04_STUDENTREGISTRATIONJOINSELFSTUDYCOURSE_T05_STUDENTINFO-NEXT,200,"Number of samples in transaction : 1, number of failing samples : 0",6.     STUDENT-REGISTRATION-FOR-SELF-STUDY 6-9,,true,538,6,6,0,1,0,3
1390558946763,1605,S04_STUDENTREGISTRATIONJOINSELFSTUDYCOURSE_T06_OK,200,"Number of samples in transaction : 4, number of failing samples : 0",6.     STUDENT-REGISTRATION-FOR-SELF-STUDY 6-9,,true,19196,6,6,0,1,0,1
1390558945754,243,S04_STUDENTREGISTRATIONJOINSELFSTUDYCOURSE_T03_CREATE,200,"Number of samples in transaction : 1, number of failing samples : 0",6.     STUDENT-REGISTRATION-FOR-SELF-STUDY 6-10,,true,76964,6,6,0,1,0,2825
1390558939471,1949,S04_STUDENTREGISTRATIONJOINSELFSTUDYCOURSE_T07_FINISH,200,"Number of samples in transaction : 4, number of failing samples : 0",6.     STUDENT-REGISTRATION-FOR-SELF-STUDY 6-5,,true,21394,6,6,0,1,0,7685
1390558948822,286,S04_STUDENTREGISTRATIONJOINSELFSTUDYCOURSE_T04_LICENSEAGREE-NEXT,200,"Number of samples in transaction : 1, number of failing samples : 0",6.     STUDENT-REGISTRATION-FOR-SELF-STUDY 6-10,,true,15634,6,6,0,1,0,1060
1390558949105,1096,S04_STUDENTREGISTRATION_T08_LOGOUT,200,"Number of samples in transaction : 1, number of failing samples : 0",6.     STUDENT-REGISTRATION-FOR-SELF-STUDY 6-5,,true,5068,6,6,0,1,0,7
1390558950168,81,S04_STUDENTREGISTRATIONJOINSELFSTUDYCOURSE_T05_STUDENTINFO-NEXT,200,"Number of samples in transaction : 1, number of failing samples : 0",6.     STUDENT-REGISTRATION-FOR-SELF-STUDY 6-10,,true,538,5,5,0,1,0,2
1390558942005,3283,S04_STUDENTREGISTRATIONJOINSELFSTUDYCOURSE_T07_FINISH,200,"Number of samples in transaction : 4, number of failing samples : 0",6.     STUDENT-REGISTRATION-FOR-SELF-STUDY 6-6,,true,21403,5,5,0,1,0,5368
1390558946615,1954,S04_STUDENTREGISTRATIONJOINSELFSTUDYCOURSE_T07_FINISH,200,"Number of samples in transaction : 4, number of failing samples : 0",6.     STUDENT-REGISTRATION-FOR-SELF-STUDY 6-8,,true,21394,5,5,0,1,0,2858
1390558950656,791,S04_STUDENTREGISTRATION_T08_LOGOUT,200,"Number of samples in transaction : 1, number of failing samples : 0",6.     STUDENT-REGISTRATION-FOR-SELF-STUDY 6-6,,true,5068,5,5,0,1,0,6
1390558950251,1847,S04_STUDENTREGISTRATIONJOINSELFSTUDYCOURSE_T06_OK,200,"Number of samples in transaction : 4, number of failing samples : 0",6.     STUDENT-REGISTRATION-FOR-SELF-STUDY 6-10,,true,19202,4,4,0,1,0,3
1390558951427,1138,S04_STUDENTREGISTRATION_T08_LOGOUT,200,"Number of samples in transaction : 1, number of failing samples : 0",6.     STUDENT-REGISTRATION-FOR-SELF-STUDY 6-8,,true,5068,4,4,0,1,0,5
1390558942722,3122,S04_STUDENTREGISTRATIONJOINSELFSTUDYCOURSE_T07_FINISH,200,"Number of samples in transaction : 4, number of failing samples : 0",6.     STUDENT-REGISTRATION-FOR-SELF-STUDY 6-7,,true,21395,3,3,0,1,0,7154
1390558948369,2107,S04_STUDENTREGISTRATIONJOINSELFSTUDYCOURSE_T07_FINISH,200,"Number of samples in transaction : 4, number of failing samples : 0",6.     STUDENT-REGISTRATION-FOR-SELF-STUDY 6-9,,true,21401,3,3,0,1,0,2849
1390558952998,878,S04_STUDENTREGISTRATION_T08_LOGOUT,200,"Number of samples in transaction : 1, number of failing samples : 0",6.     STUDENT-REGISTRATION-FOR-SELF-STUDY 6-7,,true,5068,3,3,0,1,0,9
1390558953325,1117,S04_STUDENTREGISTRATION_T08_LOGOUT,200,"Number of samples in transaction : 1, number of failing samples : 0",6.     STUDENT-REGISTRATION-FOR-SELF-STUDY 6-9,,true,5068,2,2,0,1,0,7
1390558952101,2095,S04_STUDENTREGISTRATIONJOINSELFSTUDYCOURSE_T07_FINISH,200,"Number of samples in transaction : 4, number of failing samples : 0",6.     STUDENT-REGISTRATION-FOR-SELF-STUDY 6-10,,true,21399,1,1,0,1,0,6979
1390558961175,781,S04_STUDENTREGISTRATION_T08_LOGOUT,200,"Number of samples in transaction : 1, number of failing samples : 0",6.     STUDENT-REGISTRATION-FOR-SELF-STUDY 6-10,,true,5068,1,1,0,1,0,6
1390558961966,0,STUJOIN : 100060,200,OK,7.     STUDENT-JOINS-SELF-STUDY 7-1,text,true,1469,1,1,0,1,0,0
1390558964968,1,STUJOIN : 100061,200,OK,7.     STUDENT-JOINS-SELF-STUDY 7-2,text,true,1469,2,2,0,1,0,0
1390558967969,0,STUJOIN : 100062,200,OK,7.     STUDENT-JOINS-SELF-STUDY 7-3,text,true,1469,3,3,0,1,0,0
1390558961981,4664,S04_1_ST01_Login,200,"Number of samples in transaction : 4, number of failing samples : 0",7.     STUDENT-JOINS-SELF-STUDY 7-1,,true,24163,3,3,0,1,0,2598
1390558970970,0,STUJOIN : 100063,200,OK,7.     STUDENT-JOINS-SELF-STUDY 7-4,text,true,1469,4,4,0,1,0,0
1390558964969,5054,S04_1_ST01_Login,200,"Number of samples in transaction : 4, number of failing samples : 0",7.     STUDENT-JOINS-SELF-STUDY 7-2,,true,24159,4,4,0,1,0,2464
1390558969243,47,S04_1_ST02_SelectCourse_Click_Join,200,"Number of samples in transaction : 1, number of failing samples : 0",7.     STUDENT-JOINS-SELF-STUDY 7-1,,true,2748,4,4,0,1,0,3373
1390558972488,59,S04_1_ST02_SelectCourse_Click_Join,200,"Number of samples in transaction : 1, number of failing samples : 0",7.     STUDENT-JOINS-SELF-STUDY 7-2,,true,2748,4,4,0,1,0,1272
1390558967970,3403,S04_1_ST01_Login,200,"Number of samples in transaction : 4, number of failing samples : 0",7.     STUDENT-JOINS-SELF-STUDY 7-3,,true,24162,4,4,0,1,0,2526
1390558973971,0,STUJOIN : 100064,200,OK,7.     STUDENT-JOINS-SELF-STUDY 7-5,text,true,1469,5,5,0,1,0,0
1390558970972,3419,S04_1_ST01_Login,200,"Number of samples in transaction : 4, number of failing samples : 0",7.     STUDENT-JOINS-SELF-STUDY 7-4,,true,24152,5,5,0,1,0,1692
1390558973899,52,S04_1_ST02_SelectCourse_Click_Join,200,"Number of samples in transaction : 1, number of failing samples : 0",7.     STUDENT-JOINS-SELF-STUDY 7-3,,true,2748,5,5,0,1,0,2908
1390558976973,1,STUJOIN : 100065,200,OK,7.     STUDENT-JOINS-SELF-STUDY 7-6,text,true,1469,6,6,0,1,0,0
1390558973972,2609,S04_1_ST01_Login,200,"Number of samples in transaction : 4, number of failing samples : 0",7.     STUDENT-JOINS-SELF-STUDY 7-5,,true,24149,6,6,0,1,0,2084
1390558973819,377,S04_1_ST03_Click_Study_On_YourOwn,200,"Number of samples in transaction : 1, number of failing samples : 0",7.     STUDENT-JOINS-SELF-STUDY 7-2,,true,3132,6,6,0,1,0,4635
1390558979973,1,STUJOIN : 100066,200,OK,7.     STUDENT-JOINS-SELF-STUDY 7-7,text,true,1469,7,7,0,1,0,0
1390558972664,200,S04_1_ST03_Click_Study_On_YourOwn,200,"Number of samples in transaction : 1, number of failing samples : 0",7.     STUDENT-JOINS-SELF-STUDY 7-1,,true,3135,7,7,0,1,0,7933
1390558976859,187,S04_1_ST03_Click_Study_On_YourOwn,200,"Number of samples in transaction : 1, number of failing samples : 0",7.     STUDENT-JOINS-SELF-STUDY 7-3,,true,3133,7,7,0,1,0,4981
1390558976975,3150,S04_1_ST01_Login,200,"Number of samples in transaction : 4, number of failing samples : 0",7.     STUDENT-JOINS-SELF-STUDY 7-6,,true,24156,7,7,0,1,0,2338
1390558978666,54,S04_1_ST02_SelectCourse_Click_Join,200,"Number of samples in transaction : 1, number of failing samples : 0",7.     STUDENT-JOINS-SELF-STUDY 7-5,,true,2743,7,7,0,1,0,3870
1390558982976,0,STUJOIN : 100067,200,OK,7.     STUDENT-JOINS-SELF-STUDY 7-8,text,true,1469,8,8,0,1,0,0
1390558976083,107,S04_1_ST02_SelectCourse_Click_Join,200,"Number of samples in transaction : 1, number of failing samples : 0",7.     STUDENT-JOINS-SELF-STUDY 7-4,,true,2746,8,8,0,1,0,9545
1390558979975,3014,S04_1_ST01_Login,200,"Number of samples in transaction : 4, number of failing samples : 0",7.     STUDENT-JOINS-SELF-STUDY 7-7,,true,24156,8,8,0,1,0,2763
1390558985977,0,STUJOIN : 100068,200,OK,7.     STUDENT-JOINS-SELF-STUDY 7-9,text,true,1469,9,9,0,1,0,0
1390558982977,2878,S04_1_ST01_Login,200,"Number of samples in transaction : 4, number of failing samples : 0",7.     STUDENT-JOINS-SELF-STUDY 7-8,,true,24155,9,9,0,1,0,1544
1390558982463,54,S04_1_ST02_SelectCourse_Click_Join,200,"Number of samples in transaction : 1, number of failing samples : 0",7.     STUDENT-JOINS-SELF-STUDY 7-6,,true,2745,9,9,0,1,0,4886
1390558978832,1349,S04_1_ST04_Click_Join,200,"Number of samples in transaction : 9, number of failing samples : 0",7.     STUDENT-JOINS-SELF-STUDY 7-2,,true,38683,9,9,0,1,0,8250
1390558988978,0,STUJOIN : 100069,200,OK,7.     STUDENT-JOINS-SELF-STUDY 7-10,text,true,1469,10,10,0,1,0,0
1390558987399,52,S04_1_ST02_SelectCourse_Click_Join,200,"Number of samples in transaction : 1, number of failing samples : 0",7.     STUDENT-JOINS-SELF-STUDY 7-8,,true,2747,10,10,0,1,0,1640
1390558980797,1038,S04_1_ST04_Click_Join,200,"Number of samples in transaction : 9, number of failing samples : 0",7.     STUDENT-JOINS-SELF-STUDY 7-1,,true,38683,10,10,0,1,0,7992
1390558988431,387,S04_1_ST05_Logout,200,"Number of samples in transaction : 2, number of failing samples : 0",7.     STUDENT-JOINS-SELF-STUDY 7-2,,true,9466,10,10,0,1,0,1238
1390558982591,283,S04_1_ST03_Click_Study_On_YourOwn,200,"Number of samples in transaction : 1, number of failing samples : 0",7.     STUDENT-JOINS-SELF-STUDY 7-5,,true,3129,9,9,0,1,0,7685
1390558985753,69,S04_1_ST02_SelectCourse_Click_Join,200,"Number of samples in transaction : 1, number of failing samples : 0",7.     STUDENT-JOINS-SELF-STUDY 7-7,,true,2747,9,9,0,1,0,5158
1390558982028,850,S04_1_ST04_Click_Join,200,"Number of samples in transaction : 9, number of failing samples : 0",7.     STUDENT-JOINS-SELF-STUDY 7-3,,true,38625,9,9,0,1,0,8242
1390558985978,2834,S04_1_ST01_Login,200,"Number of samples in transaction : 4, number of failing samples : 0",7.     STUDENT-JOINS-SELF-STUDY 7-9,,true,24158,9,9,0,1,0,2639
1390558989827,391,S04_1_ST05_Logout,200,"Number of samples in transaction : 2, number of failing samples : 0",7.     STUDENT-JOINS-SELF-STUDY 7-1,,true,9466,9,9,0,1,0,1338
1390558991120,401,S04_1_ST05_Logout,200,"Number of samples in transaction : 2, number of failing samples : 0",7.     STUDENT-JOINS-SELF-STUDY 7-3,,true,9466,8,8,0,1,0,1235
1390558991451,55,S04_1_ST02_SelectCourse_Click_Join,200,"Number of samples in transaction : 1, number of failing samples : 0",7.     STUDENT-JOINS-SELF-STUDY 7-9,,true,2749,7,7,0,1,0,1789
1390558988980,3326,S04_1_ST01_Login,200,"Number of samples in transaction : 4, number of failing samples : 0",7.     STUDENT-JOINS-SELF-STUDY 7-10,,true,24159,7,7,0,1,0,1201
1390558990981,276,S04_1_ST03_Click_Study_On_YourOwn,200,"Number of samples in transaction : 1, number of failing samples : 0",7.     STUDENT-JOINS-SELF-STUDY 7-7,,true,3131,7,7,0,1,0,2486
1390558987412,311,S04_1_ST03_Click_Study_On_YourOwn,200,"Number of samples in transaction : 1, number of failing samples : 0",7.     STUDENT-JOINS-SELF-STUDY 7-6,,true,3132,7,7,0,1,0,6680
1390558985735,344,S04_1_ST03_Click_Study_On_YourOwn,200,"Number of samples in transaction : 1, number of failing samples : 0",7.     STUDENT-JOINS-SELF-STUDY 7-4,,true,3131,7,7,0,1,0,8712
1390558989091,291,S04_1_ST03_Click_Study_On_YourOwn,200,"Number of samples in transaction : 1, number of failing samples : 0",7.     STUDENT-JOINS-SELF-STUDY 7-8,,true,3133,7,7,0,1,0,5799
1390558990559,877,S04_1_ST04_Click_Join,200,"Number of samples in transaction : 9, number of failing samples : 0",7.     STUDENT-JOINS-SELF-STUDY 7-5,,true,38669,7,7,0,1,0,4879
1390558994791,1037,S04_1_ST04_Click_Join,200,"Number of samples in transaction : 9, number of failing samples : 0",7.     STUDENT-JOINS-SELF-STUDY 7-4,,true,38697,7,7,0,1,0,1061
1390558993295,195,S04_1_ST03_Click_Study_On_YourOwn,200,"Number of samples in transaction : 1, number of failing samples : 0",7.     STUDENT-JOINS-SELF-STUDY 7-9,,true,3133,7,7,0,1,0,4053
1390558996889,418,S04_1_ST05_Logout,200,"Number of samples in transaction : 2, number of failing samples : 0",7.     STUDENT-JOINS-SELF-STUDY 7-4,,true,9466,7,7,0,1,0,1165
1390558996315,399,S04_1_ST05_Logout,200,"Number of samples in transaction : 2, number of failing samples : 0",7.     STUDENT-JOINS-SELF-STUDY 7-5,,true,9466,6,6,0,1,0,2500
1390558994403,1133,S04_1_ST04_Click_Join,200,"Number of samples in transaction : 9, number of failing samples : 0",7.     STUDENT-JOINS-SELF-STUDY 7-6,,true,38673,5,5,0,1,0,3775
1390558993507,66,S04_1_ST02_SelectCourse_Click_Join,200,"Number of samples in transaction : 1, number of failing samples : 0",7.     STUDENT-JOINS-SELF-STUDY 7-10,,true,2750,5,5,0,1,0,5818
1390558993744,976,S04_1_ST04_Click_Join,200,"Number of samples in transaction : 9, number of failing samples : 0",7.     STUDENT-JOINS-SELF-STUDY 7-7,,true,38618,5,5,0,1,0,7191
1390558999311,332,S04_1_ST05_Logout,200,"Number of samples in transaction : 2, number of failing samples : 0",7.     STUDENT-JOINS-SELF-STUDY 7-6,,true,9466,5,5,0,1,0,2903
1390558997543,977,S04_1_ST04_Click_Join,200,"Number of samples in transaction : 9, number of failing samples : 0",7.     STUDENT-JOINS-SELF-STUDY 7-9,,true,38674,4,4,0,1,0,4159
1390558995182,946,S04_1_ST04_Click_Join,200,"Number of samples in transaction : 9, number of failing samples : 0",7.     STUDENT-JOINS-SELF-STUDY 7-8,,true,40694,4,4,0,1,0,7682
1390559001911,315,S04_1_ST05_Logout,200,"Number of samples in transaction : 2, number of failing samples : 0",7.     STUDENT-JOINS-SELF-STUDY 7-7,,true,9466,4,4,0,1,0,1701
1390559002679,431,S04_1_ST05_Logout,200,"Number of samples in transaction : 2, number of failing samples : 0",7.     STUDENT-JOINS-SELF-STUDY 7-9,,true,9466,3,3,0,1,0,1430
1390559003810,392,S04_1_ST05_Logout,200,"Number of samples in transaction : 2, number of failing samples : 0",7.     STUDENT-JOINS-SELF-STUDY 7-8,,true,9466,2,2,0,1,0,2272
1390558999391,503,S04_1_ST03_Click_Study_On_YourOwn,200,"Number of samples in transaction : 1, number of failing samples : 0",7.     STUDENT-JOINS-SELF-STUDY 7-10,,true,3135,1,1,0,1,0,9621
1390559009515,1001,S04_1_ST04_Click_Join,200,"Number of samples in transaction : 9, number of failing samples : 0",7.     STUDENT-JOINS-SELF-STUDY 7-10,,true,38686,1,1,0,1,0,7446
1390559017962,421,S04_1_ST05_Logout,200,"Number of samples in transaction : 2, number of failing samples : 0",7.     STUDENT-JOINS-SELF-STUDY 7-10,,true,9466,1,1,0,1,0,2378
